"Date","Symbol","Marketcapname","Sector"
"04-09-2023","DALMIASUG","Smallcap","FMCG"
"04-09-2023","ANDHRAPAP","Smallcap","Building Materials"
"04-09-2023","NAHARINDUS","Smallcap","Textiles"
"04-09-2023","ASAL","Smallcap","Auto"
"04-09-2023","SARLAPOLY","Smallcap","Textiles"
"04-09-2023","KRBL","Midcap","FMCG"
"04-09-2023","HCLTECH","Largecap","I.T"
"04-09-2023","SASKEN","Smallcap","I.T"
"04-09-2023","COALINDIA","Largecap","Metals & Mining"
"04-09-2023","FCL","Midcap","Chemicals"
"04-09-2023","AVADHSUGAR","Smallcap","FMCG"
"04-09-2023","SAPPHIRE","Midcap","Consumer Discretionary"
"11-09-2023","DHAMPURSUG","Smallcap","FMCG"
"11-09-2023","DHANUKA","Smallcap","Chemicals"
"11-09-2023","BCLIND","Smallcap","FMCG"
"11-09-2023","THEMISMED","Smallcap","Healthcare"
"11-09-2023","TECHM","Largecap","I.T"
"11-09-2023","PNCINFRA","Smallcap","Realty"
"18-09-2023","BLUESTARCO","Largecap","Consumer Discretionary"
"18-09-2023","PNBGILTS","Smallcap","Financials"
"18-09-2023","KAPSTON","Smallcap","Miscellaneous"
"25-09-2023","VIPCLOTHNG","Smallcap","Textiles"
"25-09-2023","MSPL","Smallcap","Metals & Mining"
"03-10-2023","SPLPETRO","Midcap","Energy"
"09-10-2023","DECCANCE","Smallcap","Building Materials"
"09-10-2023","ASALCBR","Smallcap","FMCG"
"09-10-2023","PREMIERPOL","Smallcap","Plastic products"
"09-10-2023","DBSTOCKBRO","Smallcap","Financials"
"09-10-2023","CDSL","Largecap","Financials"
"09-10-2023","SPCENET","Smallcap","Services"
"09-10-2023","SKYGOLD","Midcap","Consumer Discretionary"
"09-10-2023","KRSNAA","Smallcap","Healthcare"
"16-10-2023","SURYAROSNI","Smallcap","Industrials"
"16-10-2023","IITL","Smallcap","Financials"
"16-10-2023","KEYFINSERV","Smallcap","Financials"
"16-10-2023","DVL","Smallcap","Services"
"16-10-2023","VHLTD","Smallcap","Services"
"16-10-2023","RCF","Midcap","Chemicals"
"16-10-2023","LINC","Smallcap","Miscellaneous"
"16-10-2023","TNPL","Smallcap","Building Materials"
"16-10-2023","SUPREMEINF","Smallcap","Realty"
"16-10-2023","TEXMOPIPES","Smallcap","Plastic products"
"16-10-2023","EMAMIREAL","Smallcap","Realty"
"16-10-2023","JPOLYINVST","Smallcap","Financials"
"16-10-2023","MACPOWER","Smallcap","Industrials"
"16-10-2023","MARINE","Midcap","Industrials"
"30-10-2023","IVP","Smallcap","Chemicals"
"30-10-2023","SILINV","Smallcap","Financials"
"30-10-2023","IDEA","Largecap","Telecom-Service"
"30-10-2023","AMDIND","Smallcap","Industrials"
"06-11-2023","AMJLAND","Smallcap","Realty"
"06-11-2023","KESORAMIND","Smallcap","Miscellaneous"
"06-11-2023","TEXINFRA","Smallcap","Realty"
"06-11-2023","BLISSGVS","Midcap","Healthcare"
"06-11-2023","MODISONLTD","Smallcap","Industrials"
"06-11-2023","ADOR","Smallcap","Industrials"
"06-11-2023","CARYSIL","Smallcap","Consumer Discretionary"
"06-11-2023","SYNCOMF","Smallcap","Healthcare"
"06-11-2023","GRANULES","Largecap","Healthcare"
"06-11-2023","ALPA","Smallcap","Healthcare"
"06-11-2023","GREENPOWER","Smallcap","Power & Utilities"
"06-11-2023","BROOKS","Smallcap","Healthcare"
"06-11-2023","SHARDAMOTR","Midcap","Auto"
"06-11-2023","VBL","Largecap","FMCG"
"06-11-2023","DPSCLTD","Smallcap","Power & Utilities"
"06-11-2023","CLEDUCATE","Smallcap","Services"
"06-11-2023","GLOBAL","Smallcap","Services"
"06-11-2023","WINDLAS","Smallcap","Healthcare"
"13-11-2023","ASHIMASYN","Smallcap","Miscellaneous"
"13-11-2023","BCLIND","Smallcap","FMCG"
"13-11-2023","BALPHARMA","Smallcap","Healthcare"
"13-11-2023","GVPIL","Smallcap","Realty"
"13-11-2023","RADICO","Largecap","FMCG"
"13-11-2023","COFORGE","Largecap","I.T"
"13-11-2023","A2ZINFRA","Smallcap","Realty"
"13-11-2023","CCAVENUE","Midcap","I.T"
"13-11-2023","DCI","Smallcap","I.T"
"13-11-2023","CAMS","Midcap","Financials"
"20-11-2023","MOREPENLAB","Midcap","Healthcare"
"20-11-2023","PRIMESECU","Smallcap","Financials"
"20-11-2023","VTL","Midcap","Textiles"
"20-11-2023","KOPRAN","Smallcap","Healthcare"
"20-11-2023","63MOONS","Smallcap","I.T"
"20-11-2023","NITINSPIN","Smallcap","Textiles"
"20-11-2023","GILLANDERS","Smallcap","FMCG"
"20-11-2023","HUBTOWN","Smallcap","Realty"
"20-11-2023","RTNINDIA","Smallcap","Financials"
"20-11-2023","NAVKARCORP","Smallcap","Transportation"
"20-11-2023","PRITIKAUTO","Smallcap","Auto"
"20-11-2023","RPSGVENT","Smallcap","I.T"
"28-11-2023","BIRLACORPN","Midcap","Building Materials"
"28-11-2023","APOLLOTYRE","Largecap","Auto"
"28-11-2023","SUDARCOLOR","Smallcap","Chemicals"
"28-11-2023","SHALPAINTS","Smallcap","Building Materials"
"28-11-2023","JYOTISTRUC","Smallcap","Industrials"
"28-11-2023","CONFIPET","Smallcap","Miscellaneous"
"28-11-2023","ADANIPOWER","Largecap","Power & Utilities"
"28-11-2023","PRECOT","Smallcap","Textiles"
"04-12-2023","RELINFRA","Smallcap","Realty"
"04-12-2023","TATAPOWER","Largecap","Power & Utilities"
"04-12-2023","COROMANDEL","Largecap","Chemicals"
"04-12-2023","BALMLAWRIE","Smallcap","Miscellaneous"
"04-12-2023","RCF","Midcap","Chemicals"
"04-12-2023","CCHHL","Smallcap","Services"
"04-12-2023","INDIACEM","Midcap","Building Materials"
"04-12-2023","JUBLPHARMA","Midcap","Healthcare"
"04-12-2023","BANKINDIA","Largecap","Bank"
"04-12-2023","VISACHROME","Smallcap","Metals & Mining"
"04-12-2023","INDOWIND","Smallcap","Power & Utilities"
"04-12-2023","ADANIPORTS","Largecap","Transportation"
"04-12-2023","ELGIRUBCO","Smallcap","FMCG"
"04-12-2023","BDL","Largecap","Aerospace & Defence"
"04-12-2023","AARTIPHARM","Midcap","Healthcare"
"04-12-2023","RHL","Smallcap","Services"
"11-12-2023","TATASTEEL","Largecap","Metals & Mining"
"11-12-2023","GICHSGFIN","Smallcap","Financials"
"11-12-2023","SURANAT&P","Smallcap","Industrials"
"11-12-2023","KITEX","Smallcap","Consumer Discretionary"
"11-12-2023","JMFINANCIL","Midcap","Financials"
"11-12-2023","NILAINFRA","Smallcap","Realty"
"11-12-2023","BANKBARODA","Largecap","Bank"
"11-12-2023","NATIONALUM","Largecap","Metals & Mining"
"11-12-2023","NAUKRI","Largecap","I.T"
"11-12-2023","SATIA","Smallcap","Building Materials"
"11-12-2023","COFFEEDAY","Smallcap","Consumer Discretionary"
"11-12-2023","XPROINDIA","Smallcap","Industrials"
"11-12-2023","SWSOLAR","Smallcap","Realty"
"18-12-2023","BEML","Midcap","Aerospace & Defence"
"18-12-2023","HCL-INSYS","Smallcap","I.T"
"18-12-2023","HFCL","Largecap","Telecom"
"18-12-2023","HARRMALAYA","Smallcap","FMCG"
"18-12-2023","TNPETRO","Smallcap","Energy"
"18-12-2023","SUDARSCHEM","Midcap","Chemicals"
"18-12-2023","TEAMGTY","Smallcap","Financials"
"18-12-2023","GATECH","Smallcap","I.T"
"18-12-2023","SHIVAMAUTO","Smallcap","Auto"
"18-12-2023","ARCHIDPLY","Smallcap","Building Materials"
"18-12-2023","HATHWAY","Smallcap","Telecom-Service"
"18-12-2023","BROOKS","Smallcap","Healthcare"
"18-12-2023","RHIM","Midcap","Building Materials"
"18-12-2023","SALASAR","Smallcap","Metals & Mining"
"18-12-2023","SANSERA","Largecap","Auto"
"18-12-2023","SYRMA","Largecap","Consumer Discretionary"
"18-12-2023","AERONEU","Smallcap","Industrials"
"26-12-2023","TATACHEM","Midcap","Chemicals"
"26-12-2023","GOKUL","Smallcap","FMCG"
"26-12-2023","GREENPANEL","Smallcap","Building Materials"
"26-12-2023","SONACOMS","Largecap","Auto"
"26-12-2023","RUSTOMJEE","Smallcap","Realty"
"01-01-2024","GTL","Smallcap","Telecom-Service"
"01-01-2024","RAJSREESUG","Smallcap","FMCG"
"01-01-2024","EIHOTEL","Midcap","Services"
"01-01-2024","AAREYDRUGS","Smallcap","Healthcare"
"01-01-2024","GUJALKALI","Smallcap","Chemicals"
"01-01-2024","SUVEN","Smallcap","Healthcare"
"01-01-2024","KOTHARIPRO","Smallcap","Services"
"01-01-2024","PANACEABIO","Smallcap","Healthcare"
"01-01-2024","AKSHOPTFBR","Smallcap","Industrials"
"01-01-2024","JBMA","Midcap","Auto"
"01-01-2024","SAKUMA","Smallcap","Services"
"01-01-2024","NETWORK18","Smallcap","Media"
"01-01-2024","A2ZINFRA","Smallcap","Realty"
"01-01-2024","VASWANI","Smallcap","Metals & Mining"
"01-01-2024","OSWALGREEN","Smallcap","Realty"
"01-01-2024","JMA","Smallcap","Auto"
"01-01-2024","WIPL","Smallcap","Building Materials"
"01-01-2024","PARADEEP","Midcap","Chemicals"
"08-01-2024","SAMBHAAV","Smallcap","Media"
"08-01-2024","AVANTIFEED","Midcap","FMCG"
"08-01-2024","HAVELLS","Largecap","Consumer Discretionary"
"08-01-2024","BYKE","Smallcap","Services"
"08-01-2024","CGCL","Largecap","Financials"
"08-01-2024","ACCELYA","Smallcap","I.T"
"08-01-2024","RAMCOSYS","Smallcap","I.T"
"08-01-2024","SEJALLTD","Smallcap","Building Materials"
"08-01-2024","MANAKALUCO","Smallcap","Metals & Mining"
"08-01-2024","PNCINFRA","Smallcap","Realty"
"08-01-2024","BIGBLOC","Smallcap","Building Materials"
"08-01-2024","MITCON","Smallcap","Miscellaneous"
"08-01-2024","INDOSTAR","Smallcap","Financials"
"08-01-2024","ARVINDFASN","Midcap","Services"
"08-01-2024","PAVNAIND","Smallcap","Auto"
"15-01-2024","IDBI","Largecap","Bank"
"15-01-2024","AUSOMENT","Smallcap","Consumer Discretionary"
"15-01-2024","GANESHHOU","Midcap","Realty"
"15-01-2024","TECHM","Largecap","I.T"
"15-01-2024","PDMJEPAPER","Smallcap","Building Materials"
"15-01-2024","PNBHOUSING","Largecap","Financials"
"15-01-2024","SIS","Midcap","Miscellaneous"
"15-01-2024","MASFIN","Midcap","Financials"
"15-01-2024","LAL","Smallcap","Textiles"
"15-01-2024","RITES","Midcap","Miscellaneous"
"15-01-2024","DCI","Smallcap","I.T"
"15-01-2024","RBA","Midcap","Consumer Discretionary"
"23-01-2024","IFBIND","Smallcap","Consumer Discretionary"
"23-01-2024","ADVANIHOTR","Smallcap","Services"
"23-01-2024","PETRONET","Largecap","Energy"
"29-01-2024","ALPHAGEO","Smallcap","Miscellaneous"
"29-01-2024","BANKBARODA","Largecap","Bank"
"29-01-2024","MMP","Smallcap","Metals & Mining"
"29-01-2024","SPENCERS","Smallcap","Consumer Discretionary"
"05-02-2024","BAJAJHIND","Smallcap","FMCG"
"05-02-2024","SBIN","Largecap","Bank"
"05-02-2024","SAKHTISUG","Smallcap","FMCG"
"05-02-2024","MCLEODRUSS","Smallcap","FMCG"
"05-02-2024","KCPSUGIND","Smallcap","FMCG"
"05-02-2024","PARAGMILK","Smallcap","FMCG"
"05-02-2024","UNIVASTU","Smallcap","Realty"
"12-02-2024","NATCOPHARM","Midcap","Healthcare"
"12-02-2024","DBSTOCKBRO","Smallcap","Financials"
"12-02-2024","FCL","Midcap","Chemicals"
"12-02-2024","COFFEEDAY","Smallcap","Consumer Discretionary"
"19-02-2024","TIRUMALCHM","Smallcap","Chemicals"
"19-02-2024","VIPULLTD","Smallcap","Realty"
"19-02-2024","JAGRAN","Smallcap","Media"
"19-02-2024","QUESS","Midcap","Miscellaneous"
"19-02-2024","SBILIFE","Largecap","Financials"
"19-02-2024","ACI","Midcap","Chemicals"
"26-02-2024","HAVELLS","Largecap","Consumer Discretionary"
"26-02-2024","HITECHGEAR","Smallcap","Auto"
"26-02-2024","SEJALLTD","Smallcap","Building Materials"
"26-02-2024","INDOSTAR","Smallcap","Financials"
"04-03-2024","PIDILITIND","Largecap","Chemicals"
"04-03-2024","RALLIS","Smallcap","Chemicals"
"04-03-2024","GLENMARK","Largecap","Healthcare"
"18-03-2024","CGPOWER","Largecap","Industrials"
"18-03-2024","RELINFRA","Smallcap","Realty"
"26-03-2024","JTEKTINDIA","Smallcap","Auto"
"01-04-2024","ZENSARTECH","Midcap","I.T"
"01-04-2024","KEYFINSERV","Smallcap","Financials"
"01-04-2024","INDSWFTLAB","Smallcap","Healthcare"
"01-04-2024","GVPIL","Smallcap","Realty"
"01-04-2024","MAHLIFE","Midcap","Realty"
"01-04-2024","VISACHROME","Smallcap","Metals & Mining"
"01-04-2024","LOKESHMACH","Smallcap","Industrials"
"01-04-2024","RPOWER","Midcap","Power & Utilities"
"01-04-2024","SURANASOL","Smallcap","Industrials"
"01-04-2024","MUTHOOTFIN","Largecap","Financials"
"01-04-2024","HGINFRA","Smallcap","Realty"
"01-04-2024","MMP","Smallcap","Metals & Mining"
"01-04-2024","INDOSTAR","Smallcap","Financials"
"01-04-2024","EPIGRAL","Smallcap","Chemicals"
"01-04-2024","LATENTVIEW","Midcap","I.T"
"08-04-2024","AEGISLOG","Largecap","Services"
"08-04-2024","EXIDEIND","Largecap","Auto"
"08-04-2024","KSB","Midcap","Industrials"
"08-04-2024","MODIRUBBER","Smallcap","Miscellaneous"
"08-04-2024","DOLATALGO","Smallcap","Financials"
"08-04-2024","BHAGYANGR","Smallcap","Power & Utilities"
"08-04-2024","MINDTECK","Smallcap","I.T"
"08-04-2024","ELDEHSG","Smallcap","Realty"
"08-04-2024","GLOBALVECT","Smallcap","Transportation"
"08-04-2024","PURVA","Midcap","Realty"
"08-04-2024","VGUARD","Midcap","Industrials"
"08-04-2024","REDTAPE","Midcap","Consumer Discretionary"
"15-04-2024","THOMASCOOK","Smallcap","Miscellaneous"
"15-04-2024","ELECON","Midcap","Industrials"
"15-04-2024","VSTIND","Smallcap","FMCG"
"15-04-2024","ANTELOPUS","Smallcap","Energy"
"15-04-2024","KSCL","Smallcap","FMCG"
"15-04-2024","REPCOHOME","Smallcap","Financials"
"15-04-2024","JUSTDIAL","Midcap","I.T"
"15-04-2024","AAATECH","Smallcap","I.T"
"15-04-2024","SURYODAY","Smallcap","Bank"
"22-04-2024","UNIVCABLES","Midcap","Industrials"
"22-04-2024","STYRENIX","Smallcap","Energy"
"22-04-2024","GANDHITUBE","Smallcap","Metals & Mining"
"22-04-2024","HAVELLS","Largecap","Consumer Discretionary"
"22-04-2024","VESUVIUS","Midcap","Building Materials"
"22-04-2024","SOMATEX","Smallcap","Realty"
"22-04-2024","GEOJITFSL","Smallcap","Financials"
"22-04-2024","MOIL","Smallcap","Metals & Mining"
"22-04-2024","BIGBLOC","Smallcap","Building Materials"
"22-04-2024","PRECOT","Smallcap","Textiles"
"22-04-2024","PRICOLLTD","Midcap","Auto"
"22-04-2024","TEJASNET","Midcap","Telecom"
"22-04-2024","STEELCITY","Smallcap","Financials"
"22-04-2024","GRSE","Largecap","Aerospace & Defence"
"22-04-2024","SILGO","Smallcap","Consumer Discretionary"
"22-04-2024","UTIAMC","Midcap","Financials"
"22-04-2024","MAZDOCK","Largecap","Aerospace & Defence"
"29-04-2024","RANEHOLDIN","Smallcap","Financials"
"29-04-2024","PDMJEPAPER","Smallcap","Building Materials"
"29-04-2024","VEEDOL","Smallcap","Chemicals"
"29-04-2024","LEMONTREE","Midcap","Services"
"06-05-2024","SARLAPOLY","Smallcap","Textiles"
"06-05-2024","ZYDUSWELL","Midcap","FMCG"
"13-05-2024","PENINLAND","Smallcap","Realty"
"13-05-2024","INDIANHUME","Smallcap","Realty"
"13-05-2024","TAINWALCHM","Smallcap","Services"
"13-05-2024","AVONMORE","Smallcap","Financials"
"13-05-2024","UMIYA-MRO","Smallcap","Telecom"
"13-05-2024","EDELWEISS","Midcap","Financials"
"13-05-2024","OBEROIRLTY","Largecap","Realty"
"13-05-2024","AARTIPHARM","Midcap","Healthcare"
"13-05-2024","JSWINFRA","Largecap","Transportation"
"21-05-2024","FINCABLES","Largecap","Industrials"
"21-05-2024","DREDGECORP","Smallcap","Miscellaneous"
"21-05-2024","PODDARMENT","Smallcap","Chemicals"
"21-05-2024","ALICON","Smallcap","Industrials"
"21-05-2024","UNOMINDA","Largecap","Auto"
"21-05-2024","CIEINDIA","Midcap","Industrials"
"21-05-2024","SANDHAR","Smallcap","Auto"
"21-05-2024","PARAS","Midcap","Aerospace & Defence"
"21-05-2024","SJS","Midcap","Auto"
"27-05-2024","ATLANTAA","Smallcap","Realty"
"27-05-2024","KNRCON","Smallcap","Realty"
"03-06-2024","PENIND","Smallcap","Metals & Mining"
"03-06-2024","GREENPLY","Smallcap","Building Materials"
"03-06-2024","BIRLAMONEY","Smallcap","Financials"
"03-06-2024","KCP","Smallcap","Building Materials"
"03-06-2024","ABSLAMC","Largecap","Financials"
"10-06-2024","BAJAJHIND","Smallcap","FMCG"
"10-06-2024","HCC","Midcap","Realty"
"10-06-2024","JISLJALEQS","Smallcap","Plastic products"
"10-06-2024","MANALIPETC","Smallcap","Energy"
"10-06-2024","RALLIS","Smallcap","Chemicals"
"10-06-2024","TIRUMALCHM","Smallcap","Chemicals"
"10-06-2024","FEDERALBNK","Largecap","Bank"
"10-06-2024","TEXINFRA","Smallcap","Realty"
"10-06-2024","ELECON","Midcap","Industrials"
"10-06-2024","AMNPLST","Smallcap","Chemicals"
"10-06-2024","SHRIRAMFIN","Largecap","Financials"
"10-06-2024","USHAMART","Midcap","Metals & Mining"
"10-06-2024","GIPCL","Smallcap","Power & Utilities"
"10-06-2024","JTEKTINDIA","Smallcap","Auto"
"10-06-2024","MAWANASUG","Smallcap","FMCG"
"10-06-2024","MAHEPC","Smallcap","Plastic products"
"10-06-2024","ANTELOPUS","Smallcap","Energy"
"10-06-2024","JKPAPER","Midcap","Building Materials"
"10-06-2024","PETRONET","Largecap","Energy"
"10-06-2024","STAR","Midcap","Healthcare"
"10-06-2024","AURIONPRO","Smallcap","I.T"
"10-06-2024","KMSUGAR","Smallcap","FMCG"
"10-06-2024","BLKASHYAP","Smallcap","Realty"
"10-06-2024","LUMAXTECH","Midcap","Auto"
"10-06-2024","ESSARSHPNG","Smallcap","Transportation"
"10-06-2024","VBL","Largecap","FMCG"
"10-06-2024","ZOTA","Smallcap","Healthcare"
"10-06-2024","MARINE","Midcap","Industrials"
"10-06-2024","DGCONTENT","Smallcap","Media"
"10-06-2024","CHEMPLASTS","Smallcap","Chemicals"
"10-06-2024","USK","Smallcap","Realty"
"18-06-2024","BEPL","Smallcap","Energy"
"18-06-2024","PENINLAND","Smallcap","Realty"
"18-06-2024","MARATHON","Smallcap","Realty"
"18-06-2024","ALEMBICLTD","Smallcap","Realty"
"18-06-2024","HUHTAMAKI","Smallcap","Industrials"
"18-06-2024","KALYANIFRG","Smallcap","Industrials"
"18-06-2024","ASAHIINDIA","Largecap","Building Materials"
"18-06-2024","SURANAT&P","Smallcap","Industrials"
"18-06-2024","WINDMACHIN","Smallcap","Industrials"
"18-06-2024","ELGIEQUIP","Midcap","Industrials"
"18-06-2024","BYKE","Smallcap","Services"
"18-06-2024","RKFORGE","Midcap","Industrials"
"18-06-2024","GTLINFRA","Smallcap","Telecom"
"18-06-2024","EMBDL","Midcap","Realty"
"18-06-2024","FACT","Largecap","Chemicals"
"18-06-2024","PRICOLLTD","Midcap","Auto"
"18-06-2024","TIRUPATIFL","Smallcap","Industrials"
"18-06-2024","360ONE","Largecap","Financials"
"18-06-2024","KALYANKJIL","Largecap","Consumer Discretionary"
"18-06-2024","AARTIPHARM","Midcap","Healthcare"
"24-06-2024","BOMDYEING","Smallcap","Textiles"
"24-06-2024","CESC","Midcap","Power & Utilities"
"24-06-2024","LGBBROSLTD","Midcap","Auto"
"24-06-2024","BBOX","Midcap","I.T"
"24-06-2024","STYLAMIND","Midcap","Building Materials"
"24-06-2024","SHILPAMED","Midcap","Healthcare"
"24-06-2024","SOMANYCERA","Smallcap","Building Materials"
"24-06-2024","NAUKRI","Largecap","I.T"
"24-06-2024","IDEA","Largecap","Telecom-Service"
"24-06-2024","ROSSELLIND","Smallcap","FMCG"
"24-06-2024","MGL","Midcap","Energy"
"24-06-2024","KAVDEFENCE","Smallcap","Aerospace & Defence"
"24-06-2024","CDSL","Largecap","Financials"
"24-06-2024","EMSLIMITED","Smallcap","Realty"
"01-07-2024","SUNFLAG","Midcap","Metals & Mining"
"01-07-2024","CASTROLIND","Midcap","Chemicals"
"01-07-2024","WALCHANNAG","Smallcap","Industrials"
"01-07-2024","MMFL","Smallcap","Industrials"
"01-07-2024","MARKSANS","Midcap","Healthcare"
"01-07-2024","SOTL","Smallcap","Energy"
"01-07-2024","ALANKIT","Smallcap","I.T"
"01-07-2024","FDC","Midcap","Healthcare"
"01-07-2024","RECLTD","Largecap","Financials"
"01-07-2024","LAURUSLABS","Largecap","Healthcare"
"01-07-2024","AMRUTANJAN","Smallcap","Healthcare"
"01-07-2024","SOLARA","Smallcap","Healthcare"
"01-07-2024","AWHCL","Smallcap","Miscellaneous"
"01-07-2024","EPIGRAL","Smallcap","Chemicals"
"01-07-2024","CONCORDBIO","Midcap","Healthcare"
"08-07-2024","DRREDDY","Largecap","Healthcare"
"08-07-2024","INSPIRISYS","Smallcap","I.T"
"08-07-2024","PCJEWELLER","Midcap","Consumer Discretionary"
"08-07-2024","INOXWIND","Midcap","Industrials"
"08-07-2024","BIGBLOC","Smallcap","Building Materials"
"08-07-2024","SBILIFE","Largecap","Financials"
"08-07-2024","ARTEMISMED","Midcap","Healthcare"
"08-07-2024","JUBLINGREA","Midcap","Chemicals"
"08-07-2024","TEGA","Midcap","Industrials"
"15-07-2024","SBIN","Largecap","Bank"
"15-07-2024","VSTIND","Smallcap","FMCG"
"15-07-2024","MINDTECK","Smallcap","I.T"
"15-07-2024","GEOJITFSL","Smallcap","Financials"
"15-07-2024","PETRONET","Largecap","Energy"
"15-07-2024","JUSTDIAL","Midcap","I.T"
"15-07-2024","QUICKHEAL","Smallcap","I.T"
"15-07-2024","MANOMAY","Smallcap","Textiles"
"22-07-2024","ELECTCAST","Smallcap","Industrials"
"22-07-2024","ASALCBR","Smallcap","FMCG"
"22-07-2024","INDBANK","Smallcap","Financials"
"22-07-2024","STAR","Midcap","Healthcare"
"22-07-2024","NTPC","Largecap","Power & Utilities"
"22-07-2024","FORTIS","Largecap","Healthcare"
"22-07-2024","SIKKO","Smallcap","Chemicals"
"22-07-2024","ARVSMART","Smallcap","Realty"
"22-07-2024","QUESS","Midcap","Miscellaneous"
"22-07-2024","KARURVYSYA","Largecap","Bank"
"22-07-2024","PANSARI","Smallcap","Realty"
"22-07-2024","HDFCLIFE","Largecap","Financials"
"22-07-2024","NEWGEN","Midcap","I.T"
"22-07-2024","PIGL","Smallcap","Industrials"
"29-07-2024","ESTER","Smallcap","Industrials"
"29-07-2024","GHCL","Smallcap","Chemicals"
"29-07-2024","JINDALSAW","Midcap","Industrials"
"29-07-2024","TTKHLTCARE","Smallcap","Miscellaneous"
"29-07-2024","KOKUYOCMLN","Smallcap","Miscellaneous"
"29-07-2024","ANTELOPUS","Smallcap","Energy"
"29-07-2024","ADANIPORTS","Largecap","Transportation"
"29-07-2024","KNRCON","Smallcap","Realty"
"29-07-2024","MCX","Largecap","Financials"
"29-07-2024","PRICOLLTD","Midcap","Auto"
"29-07-2024","ZOTA","Smallcap","Healthcare"
"29-07-2024","IEX","Midcap","Financials"
"29-07-2024","SJS","Midcap","Auto"
"29-07-2024","SAPPHIRE","Midcap","Consumer Discretionary"
"29-07-2024","KFINTECH","Midcap","Financials"
"05-08-2024","FMGOETZE","Smallcap","Auto"
"05-08-2024","SYMPHONY","Smallcap","Consumer Discretionary"
"05-08-2024","IMAGICAA","Smallcap","Media"
"05-08-2024","NORBTEAEXP","Smallcap","FMCG"
"05-08-2024","AIRAN","Smallcap","I.T"
"12-08-2024","SARDAEN","Midcap","Metals & Mining"
"12-08-2024","SUBROS","Smallcap","Auto"
"12-08-2024","AAREYDRUGS","Smallcap","Healthcare"
"12-08-2024","JUBLFOOD","Largecap","Consumer Discretionary"
"12-08-2024","GULFOILLUB","Midcap","Chemicals"
"12-08-2024","UNIVASTU","Smallcap","Realty"
"12-08-2024","STOVEKRAFT","Smallcap","Consumer Discretionary"
"19-08-2024","ONIDA","Smallcap","Consumer Discretionary"
"19-08-2024","MAHAPEXLTD","Smallcap","Financials"
"19-08-2024","BALPHARMA","Smallcap","Healthcare"
"19-08-2024","TRIVENI","Midcap","FMCG"
"19-08-2024","UMIYA-MRO","Smallcap","Telecom"
"19-08-2024","TREJHARA","Smallcap","I.T"
"26-08-2024","UCAL","Smallcap","Auto"
"26-08-2024","MODIRUBBER","Smallcap","Miscellaneous"
"26-08-2024","VARDMNPOLY","Smallcap","Textiles"
"26-08-2024","MAWANASUG","Smallcap","FMCG"
"26-08-2024","VIMTALABS","Smallcap","Healthcare"
"26-08-2024","GOODLUCK","Midcap","Metals & Mining"
"26-08-2024","HCLTECH","Largecap","I.T"
"26-08-2024","INDOTHAI","Smallcap","Financials"
"26-08-2024","PANSARI","Smallcap","Realty"
"02-09-2024","UNIENTER","Smallcap","Services"
"02-09-2024","NESCO","Midcap","Realty"
"02-09-2024","IPCALAB","Largecap","Healthcare"
"02-09-2024","VERANDA","Smallcap","Services"
"09-09-2024","UNICHEMLAB","Smallcap","Healthcare"
"09-09-2024","CANFINHOME","Midcap","Financials"
"09-09-2024","HIKAL","Smallcap","Healthcare"
"09-09-2024","COMPUSOFT","Smallcap","I.T"
"09-09-2024","COFORGE","Largecap","I.T"
"16-09-2024","VISACHROME","Smallcap","Metals & Mining"
"16-09-2024","BSE","Largecap","Financials"
"23-09-2024","VAKRANGEE","Smallcap","I.T"
"23-09-2024","CLSEL","Smallcap","FMCG"
"23-09-2024","SRHHYPOLTD","Smallcap","Chemicals"
"23-09-2024","IL&FSENGG","Smallcap","Realty"
"30-09-2024","ASIANHOTNR","Smallcap","Services"
"07-10-2024","SUNDROP","Smallcap","FMCG"
"07-10-2024","SBCL","Midcap","Metals & Mining"
"07-10-2024","RCOM","Smallcap","Telecom-Service"
"07-10-2024","PAVNAIND","Smallcap","Auto"
"07-10-2024","EMUDHRA","Midcap","I.T"
"14-10-2024","GUFICBIO","Smallcap","Healthcare"
"14-10-2024","SUPREMEINF","Smallcap","Realty"
"14-10-2024","PRECAM","Smallcap","Auto"
"21-10-2024","MFSL","Largecap","Financials"
"28-10-2024","BSL","Smallcap","Textiles"
"04-11-2024","VIMTALABS","Smallcap","Healthcare"
"04-11-2024","TCI","Midcap","Transportation"
"04-11-2024","ECLERX","Midcap","I.T"
"04-11-2024","VIJIFIN","Smallcap","Financials"
"04-11-2024","ELGIRUBCO","Smallcap","FMCG"
"18-11-2024","JPOLYINVST","Smallcap","Financials"
"25-11-2024","CCL","Midcap","FMCG"
"25-11-2024","LAURUSLABS","Largecap","Healthcare"
"25-11-2024","XPROINDIA","Smallcap","Industrials"
"25-11-2024","UNITEDPOLY","Smallcap","Textiles"
"25-11-2024","CAPACITE","Smallcap","Realty"
"25-11-2024","ASTERDM","Largecap","Healthcare"
"25-11-2024","JGCHEM","Smallcap","Chemicals"
"02-12-2024","AGI","Midcap","Industrials"
"02-12-2024","NELCO","Smallcap","Telecom"
"02-12-2024","ARIHANTSUP","Smallcap","Realty"
"02-12-2024","KEC","Midcap","Realty"
"02-12-2024","TIMETECHNO","Midcap","Plastic products"
"02-12-2024","MONTECARLO","Smallcap","Textiles"
"09-12-2024","VEDL","Largecap","Metals & Mining"
"09-12-2024","DCM","Smallcap","Industrials"
"09-12-2024","SWANCORP","Midcap","Textiles"
"09-12-2024","SETCO","Smallcap","Auto"
"09-12-2024","ORBTEXP","Smallcap","Textiles"
"09-12-2024","STEELCAS","Smallcap","Industrials"
"09-12-2024","WANBURY","Smallcap","Healthcare"
"09-12-2024","SARLAPOLY","Smallcap","Textiles"
"09-12-2024","BYKE","Smallcap","Services"
"09-12-2024","VIDHIING","Smallcap","Chemicals"
"09-12-2024","GOKEX","Midcap","Consumer Discretionary"
"09-12-2024","RELIGARE","Midcap","Financials"
"09-12-2024","PRECAM","Smallcap","Auto"
"09-12-2024","BLS","Midcap","I.T"
"09-12-2024","LAMBODHARA","Smallcap","Textiles"
"09-12-2024","WIPL","Smallcap","Building Materials"
"09-12-2024","SINTERCOM","Smallcap","Auto"
"09-12-2024","CHALET","Midcap","Services"
"09-12-2024","RVHL","Smallcap","Realty"
"16-12-2024","UCAL","Smallcap","Auto"
"16-12-2024","VAKRANGEE","Smallcap","I.T"
"16-12-2024","LINC","Smallcap","Miscellaneous"
"16-12-2024","PRICOLLTD","Midcap","Auto"
"16-12-2024","ZOTA","Smallcap","Healthcare"
"30-12-2024","WELENT","Midcap","Realty"
"30-12-2024","KAVDEFENCE","Smallcap","Aerospace & Defence"
"30-12-2024","NORBTEAEXP","Smallcap","FMCG"
"30-12-2024","WORTHPERI","Smallcap","Industrials"
"30-12-2024","AARTECH","Smallcap","Industrials"
"06-01-2025","VISACHROME","Smallcap","Metals & Mining"
"27-01-2025","JINDRILL","Smallcap","Energy"
"03-02-2025","ACUTAAS","Largecap","Healthcare"
"10-02-2025","NORBTEAEXP","Smallcap","FMCG"
"17-02-2025","DECCANCE","Smallcap","Building Materials"
"17-03-2025","ASALCBR","Smallcap","FMCG"
"17-03-2025","MANAPPURAM","Largecap","Financials"
"24-03-2025","MAHASTEEL","Smallcap","Metals & Mining"
"15-04-2025","HDFCBANK","Largecap","Bank"
"15-04-2025","BHARTIHEXA","Largecap","Telecom-Service"
"21-04-2025","PANACEABIO","Smallcap","Healthcare"
"21-04-2025","CHOICEIN","Midcap","Financials"
"28-04-2025","PARAS","Midcap","Aerospace & Defence"
"05-05-2025","KPRMILL","Largecap","Readymade Garments/ Apparels"
"05-05-2025","NAZARA","Midcap","I.T"
"12-05-2025","INDIAGLYCO","Smallcap","FMCG"
"12-05-2025","KANPRPLA","Smallcap","Industrials"
"12-05-2025","KALYANIFRG","Smallcap","Industrials"
"12-05-2025","CAMLINFINE","Smallcap","Chemicals"
"12-05-2025","AIIL","Largecap","Financials"
"12-05-2025","ASTERDM","Largecap","Healthcare"
"19-05-2025","KITEX","Smallcap","Consumer Discretionary"
"19-05-2025","SILGO","Smallcap","Consumer Discretionary"
"26-05-2025","PILITA","Smallcap","Plastic products"
"26-05-2025","IFBAGRO","Smallcap","FMCG"
"26-05-2025","PANSARI","Smallcap","Realty"
"02-06-2025","GODREJIND","Largecap","Chemicals"
"02-06-2025","TVSELECT","Smallcap","I.T"
"02-06-2025","MCX","Largecap","Financials"
"02-06-2025","SBICARD","Largecap","Financials"
"09-06-2025","RAMCOCEM","Largecap","Building Materials"
"09-06-2025","WOCKPHARMA","Largecap","Healthcare"
"09-06-2025","CSBBANK","Midcap","Bank"
"09-06-2025","BLUEJET","Midcap","Healthcare"
"16-06-2025","JINDALPHOT","Smallcap","Financials"
"23-06-2025","AAREYDRUGS","Smallcap","Healthcare"
"30-06-2025","RAYMOND","Midcap","Transportation"
"30-06-2025","JKLAKSHMI","Midcap","Building Materials"
"30-06-2025","EIFFL","Smallcap","FMCG"
"07-07-2025","MGEL","Smallcap","Services"
"07-07-2025","YATHARTH","Midcap","Healthcare"
"07-07-2025","ACMESOLAR","Largecap","Realty"
"14-07-2025","RALLIS","Smallcap","Chemicals"
"14-07-2025","SAGCEM","Smallcap","Building Materials"
"14-07-2025","GUJAPOLLO","Smallcap","Industrials"
"14-07-2025","RAMAPHO","Smallcap","Chemicals"
"14-07-2025","VENUSREM","Smallcap","Healthcare"
"14-07-2025","HPL","Smallcap","Industrials"
"14-07-2025","PRECOT","Smallcap","Textiles"
"14-07-2025","IXIGO","Midcap","I.T"
"14-07-2025","ABDL","Midcap","FMCG"
"21-07-2025","TI","Midcap","FMCG"
"21-07-2025","GMDCLTD","Midcap","Metals & Mining"
"21-07-2025","GLOBUSSPR","Smallcap","FMCG"
"28-07-2025","ZUARI","Smallcap","Chemicals"
"28-07-2025","ARVINDFASN","Midcap","Services"
"11-08-2025","HBLENGINE","Largecap","Auto"
"11-08-2025","SKMEGGPROD","Smallcap","FMCG"
"18-08-2025","ASHOKLEY","Largecap","Auto"
"18-08-2025","ASAHIINDIA","Largecap","Building Materials"
"18-08-2025","MAHEPC","Smallcap","Plastic products"
"18-08-2025","IZMO","Smallcap","I.T"
"18-08-2025","IMFA","Midcap","Metals & Mining"
"01-09-2025","POCL","Smallcap","Metals & Mining"
"01-09-2025","SYRMA","Largecap","Consumer Discretionary"
"08-09-2025","BAJFINANCE","Largecap","Financials"
"08-09-2025","CENTEXT","Smallcap","Metals & Mining"
"08-09-2025","VISACHROME","Smallcap","Metals & Mining"
"08-09-2025","ADANIPOWER","Largecap","Power & Utilities"
"15-09-2025","RELTD","Smallcap","Industrials"
"15-09-2025","USHAMART","Midcap","Metals & Mining"
"15-09-2025","CCCL","Smallcap","Realty"
"22-09-2025","AAREYDRUGS","Smallcap","Healthcare"
"22-09-2025","EMKAY","Smallcap","Financials"
"06-10-2025","GMBREW","Smallcap","FMCG"
"06-10-2025","MINDTECK","Smallcap","I.T"
"06-10-2025","HITECHGEAR","Smallcap","Auto"
"06-10-2025","INDRAMEDCO","Smallcap","Healthcare"
"06-10-2025","TARACHAND","Smallcap","Miscellaneous"
"20-10-2025","LORDSCHLO","Smallcap","Chemicals"
"20-10-2025","FEDERALBNK","Largecap","Bank"
"20-10-2025","JKTYRE","Midcap","Auto"
"20-10-2025","SALSTEEL","Smallcap","Metals & Mining"
"20-10-2025","UJJIVANSFB","Midcap","Bank"
"27-10-2025","BHAGYANGR","Smallcap","Power & Utilities"
"27-10-2025","PVP","Smallcap","Realty"
"27-10-2025","SOMATEX","Smallcap","Realty"
"27-10-2025","PSPPROJECT","Smallcap","Realty"
"03-11-2025","PRICOLLTD","Midcap","Auto"
"03-11-2025","TEMBO","Smallcap","Consumer Discretionary"
"03-11-2025","KMEW","Midcap","Transportation"
"10-11-2025","BHEL","Largecap","Industrials"
"10-11-2025","THYROCARE","Midcap","Healthcare"
"17-11-2025","INDIAGLYCO","Smallcap","FMCG"
"17-11-2025","RELIANCE","Largecap","Energy"
"17-11-2025","PANSARI","Smallcap","Realty"
"01-12-2025","UEL","Smallcap","Power & Utilities"
"08-12-2025","HINDZINC","Largecap","Metals & Mining"
"15-12-2025","ASIANTILES","Smallcap","Building Materials"
"29-12-2025","IDBI","Largecap","Bank"
"29-12-2025","GRAPHITE","Midcap","Industrials"
"29-12-2025","HEG","Midcap","Industrials"
"29-12-2025","JSL","Largecap","Metals & Mining"
"29-12-2025","MAHABANK","Largecap","Bank"
"29-12-2025","INDUSTOWER","Largecap","Telecom"
"29-12-2025","IIFLCAPS","Midcap","Financials"
"29-12-2025","CSBBANK","Midcap","Bank"
"05-01-2026","MANAKALUCO","Smallcap","Metals & Mining"
"19-01-2026","KAPSTON","Smallcap","Miscellaneous"
"19-01-2026","ATALREAL","Smallcap","Realty"
"02-02-2026","BHARATFORG","Largecap","Industrials"
"09-02-2026","MFSL","Largecap","Financials"
"16-02-2026","GLOBAL","Smallcap","Services"
"02-03-2026","ANANDRATHI","Largecap","Financials"
"30-03-2026","MBAPL","Smallcap","Chemicals"
"06-04-2026","STEELCAS","Smallcap","Industrials"
"06-04-2026","PRECWIRE","Midcap","Metals & Mining"
"06-04-2026","GAEL","Midcap","FMCG"
"06-04-2026","RPTECH","Midcap","I.T"
"06-04-2026","ROSSTECH","Midcap","Aerospace & Defence"
"13-04-2026","BHEL","Largecap","Industrials"
"13-04-2026","SAIL","Largecap","Metals & Mining"
"13-04-2026","TATAPOWER","Largecap","Power & Utilities"
"13-04-2026","RAMRAT","Midcap","Metals & Mining"
"13-04-2026","JAYNECOIND","Midcap","Metals & Mining"
"13-04-2026","ENGINERSIN","Midcap","Realty"
"13-04-2026","GMDCLTD","Midcap","Metals & Mining"
"13-04-2026","SALSTEEL","Smallcap","Metals & Mining"
"13-04-2026","IMFA","Midcap","Metals & Mining"
"13-04-2026","LAURUSLABS","Largecap","Healthcare"
"13-04-2026","MAHLOG","Smallcap","Transportation"
"13-04-2026","SYRMA","Largecap","Consumer Discretionary"
"13-04-2026","AZAD","Midcap","Aerospace & Defence"
"13-04-2026","KRN","Midcap","Industrials"
"20-04-2026","CGPOWER","Largecap","Industrials"
"20-04-2026","HSCL","Largecap","Chemicals"
"20-04-2026","NESTLEIND","Largecap","FMCG"
"20-04-2026","MMFL","Smallcap","Industrials"
"20-04-2026","ARIHANT","Smallcap","Realty"
"20-04-2026","SIGMAADV","Midcap","Aerospace & Defence"
"20-04-2026","MAHABANK","Largecap","Bank"
"20-04-2026","TORNTPOWER","Largecap","Power & Utilities"
"20-04-2026","RHETAN","Smallcap","Metals & Mining"
"27-04-2026","BBOX","Midcap","I.T"
"27-04-2026","AUSOMENT","Smallcap","Consumer Discretionary"
"27-04-2026","NTPC","Largecap","Power & Utilities"
"27-04-2026","ADANIPORTS","Largecap","Transportation"
"04-05-2026","MSPL","Smallcap","Metals & Mining"
"04-05-2026","KERNEX","Smallcap","Consumer Discretionary"
"11-05-2026","TATASTEEL","Largecap","Metals & Mining"
"11-05-2026","POCL","Smallcap","Metals & Mining"
"18-05-2026","PRECOT","Smallcap","Textiles"
"25-05-2026","WANBURY","Smallcap","Healthcare"
"25-05-2026","FEDFINA","Midcap","Financials"
"01-06-2026","ZENTEC","Midcap","Aerospace & Defence"
"01-06-2026","SILVERTUC","Smallcap","I.T"
"01-06-2026","ACMESOLAR","Largecap","Realty"
"08-06-2026","MAHABANK","Largecap","Bank"
"08-06-2026","INOXINDIA","Midcap","Industrials"
"15-06-2026","AEROENTER","Smallcap","Metals & Mining"
"15-06-2026","WELSPUNLIV","Largecap","Textiles"
"15-06-2026","KPIL","Largecap","Realty"
"15-06-2026","AVL","Midcap","Consumer Discretionary"
"15-06-2026","IRISDOREME","Smallcap","Consumer Discretionary"
"15-06-2026","EQUITASBNK","Midcap","Bank"
"15-06-2026","NYKAA","Largecap","I.T"
"15-06-2026","STARHEALTH","Largecap","Financials"
"15-06-2026","NUVAMA","Largecap","Financials"
"15-06-2026","THELEELA","Midcap","Services"
"22-06-2026","ABCAPITAL","Largecap","Financials"
"22-06-2026","SHIVAUM","Smallcap","Metals & Mining"
"29-06-2026","BHARATSE","Smallcap","Auto"
"29-06-2026","OBEROIRLTY","Largecap","Realty"
"29-06-2026","COMSYN","Smallcap","Industrials"
"29-06-2026","GHCLTEXTIL","Smallcap","Textiles"
"06-07-2026","GODREJIND","Largecap","Chemicals"
"13-07-2026","INDIAGLYCO","Smallcap","FMCG"
"13-07-2026","SHYAMMETL","Largecap","Metals & Mining"
"20-07-2026","JSFB","Midcap","Bank"
"20-07-2026","STALLION","Smallcap","Chemicals"
"27-07-2026","MANAPPURAM","Largecap","Financials"
"27-07-2026","REDINGTON","Largecap","Services"
"27-07-2026","PRICOLLTD","Midcap","Auto"
"27-07-2026","BBTCL","Smallcap","Industrials"
"27-07-2026","NAZARA","Midcap","I.T"
"03-08-2026","EXIDEIND","Largecap","Auto"
"03-08-2026","ARROWGREEN","Smallcap","Plastic products"
"03-08-2026","HMVL","Smallcap","Media"
"03-08-2026","MANAKSTEEL","Smallcap","Metals & Mining"
"03-08-2026","ABCAPITAL","Largecap","Financials"
"03-08-2026","MMP","Smallcap","Metals & Mining"
"03-08-2026","DCI","Smallcap","I.T"
"03-08-2026","ATALREAL","Smallcap","Realty"
"03-08-2026","ANTHEM","Largecap","Healthcare"
"10-08-2026","FINCABLES","Largecap","Industrials"
"10-08-2026","DOLPHIN","Smallcap","Energy"
"10-08-2026","BHARATSE","Smallcap","Auto"
"10-08-2026","AARTIIND","Midcap","Chemicals"
"10-08-2026","TDPOWERSYS","Midcap","Industrials"
"10-08-2026","HCG","Midcap","Healthcare"
"10-08-2026","ANDHRSUGAR","Smallcap","Chemicals"
"10-08-2026","SUMICHEM","Largecap","Chemicals"
"17-08-2026","MANGLMCEM","Smallcap","Building Materials"
"17-08-2026","ROLLT","Smallcap","Industrials"
"17-08-2026","ASIANENE","Smallcap","Energy"
"17-08-2026","DBOL","Smallcap","FMCG"
"24-08-2026","OAL","Smallcap","Chemicals"
"24-08-2026","VINCOFE","Smallcap","Consumer Discretionary"
"31-08-2026","AUSOMENT","Smallcap","Consumer Discretionary"
"31-08-2026","GLOBAL","Smallcap","Services"
"31-08-2026","NIACL","Largecap","Financials"
"31-08-2026","SBC","Smallcap","Textiles"
"31-08-2026","RBZJEWEL","Smallcap","Consumer Discretionary"
"07-09-2026","GRAPHITE","Midcap","Industrials"
"07-09-2026","SMSPHARMA","Smallcap","Healthcare"
"07-09-2026","PKTEA","Smallcap","FMCG"
"07-09-2026","UNIVPHOTO","Smallcap","Consumer Discretionary"
"21-09-2026","GANDHITUBE","Smallcap","Metals & Mining"
"21-09-2026","JASH","Smallcap","Industrials"
"21-09-2026","SANATHAN","Smallcap","Textiles"