date,^NSEI,^CRSLDX,^NSEMDCP50,^CNXSC
2022-08-01,17340.05,14846.85,8300.50,
2022-08-02,17345.45,14876.60,8319.35,
2022-08-03,17388.15,14878.05,8219.05,
2022-08-04,17382.00,14892.45,8218.60,
2022-08-05,17397.50,14900.40,8225.90,
2022-08-08,17525.10,14993.35,8258.35,
2022-08-10,17534.75,14985.80,8247.85,
2022-08-11,17659.00,15095.15,8322.85,
2022-08-12,17698.15,15140.55,8358.45,
2022-08-16,17825.25,15280.50,8456.15,
2022-08-17,17944.25,15379.05,8506.80,
2022-08-18,17956.50,15404.60,8532.30,
2022-08-19,17758.45,15236.65,8429.80,
2022-08-22,17490.70,15001.75,8259.40,
2022-08-23,17577.50,15090.50,8358.60,
2022-08-24,17604.95,15140.40,8419.95,
2022-08-25,17522.45,15100.65,8431.70,
2022-08-26,17558.90,15147.55,8478.30,
2022-08-29,17312.90,14972.75,8394.60,
2022-08-30,17759.30,15325.05,8556.00,
2022-09-01,17542.80,15211.20,8599.10,
2022-09-02,17539.45,15201.60,8587.70,
2022-09-05,17665.80,15294.40,8630.60,
2022-09-06,17655.60,15313.05,8651.95,
2022-09-07,17624.40,15319.40,8700.05,
2022-09-08,17798.75,15440.70,8714.10,
2022-09-09,17833.35,15467.40,8735.60,
2022-09-12,17936.35,15577.40,8821.05,
2022-09-13,18070.05,15669.85,8829.00,
2022-09-14,18003.75,15630.70,8795.70,
2022-09-15,17877.40,15580.35,8833.25,
2022-09-16,17530.85,15243.95,8573.45,
2022-09-19,17622.25,15293.55,8572.90,
2022-09-20,17816.25,15470.35,8680.60,
2022-09-21,17718.35,15361.25,8627.95,
2022-09-22,17629.80,15335.30,8661.15,
2022-09-23,17327.35,15057.65,8428.75,
2022-09-26,17016.30,14725.70,8174.45,
2022-09-27,17007.40,14727.30,8182.15,
2022-09-28,16858.60,14620.60,8140.70,
2022-09-29,16818.10,14602.50,8179.60,
2022-09-30,17094.35,14829.35,8332.70,
2022-10-03,16887.35,14638.50,8225.90,
2022-10-04,17274.30,14965.80,8481.15,
2022-10-06,17331.80,15053.05,8579.50,
2022-10-07,17314.65,15036.70,8558.80,
2022-10-10,17241.00,14951.65,8483.15,
2022-10-11,16983.55,14721.90,8340.85,
2022-10-12,17123.60,14829.95,8406.10,
2022-10-13,17014.35,14730.30,8328.15,
2022-10-14,17185.70,14815.10,8326.35,
2022-10-17,17311.80,14906.15,8385.05,
2022-10-18,17486.95,15056.55,8518.80,
2022-10-19,17512.25,15068.60,8520.05,
2022-10-20,17563.95,15112.10,8484.35,
2022-10-21,17576.30,15081.10,8457.90,
2022-10-24,17730.75,15198.75,8496.70,
2022-10-25,17656.35,15158.10,8537.05,
2022-10-27,17736.95,15244.25,8603.45,
2022-10-28,17786.80,15241.60,8581.25,
2022-10-31,18012.20,15424.00,8690.35,
2022-11-01,18145.40,15537.40,8762.45,
2022-11-02,18082.85,15497.55,8742.95,
2022-11-03,18052.70,15484.70,8775.10,
2022-11-04,18117.15,15530.85,8747.00,
2022-11-07,18202.80,15615.15,8824.80,
2022-11-09,18157.00,15567.25,8760.30,
2022-11-10,18028.20,15440.00,8675.05,
2022-11-11,18349.70,15649.10,8680.60,
2022-11-14,18329.15,15650.20,8678.55,
2022-11-15,18403.40,15693.90,8675.45,
2022-11-16,18409.65,15663.30,8597.40,
2022-11-17,18343.90,15597.25,8583.35,
2022-11-18,18307.65,15550.85,8539.85,
2022-11-21,18159.95,15453.80,8536.45,
2022-11-22,18244.20,15509.20,8583.75,
2022-11-23,18267.25,15538.15,8628.40,
2022-11-24,18484.10,15680.80,8673.45,
2022-11-25,18512.75,15727.25,8758.50,
2022-11-28,18562.75,15784.45,8808.00,
2022-11-29,18618.05,15812.45,8764.35,
2022-11-30,18758.35,15946.15,8855.60,
2022-12-01,18812.50,16003.95,8932.15,
2022-12-02,18696.10,15963.50,8994.15,
2022-12-05,18701.05,15967.20,9014.70,
2022-12-06,18642.75,15922.85,8968.40,
2022-12-07,18560.50,15862.00,8920.00,
2022-12-08,18609.35,15911.10,8976.05,
2022-12-09,18496.60,15812.75,8917.30,
2022-12-12,18497.15,15828.00,8960.60,
2022-12-13,18608.00,15904.50,8996.30,
2022-12-14,18660.30,15963.80,9070.10,
2022-12-15,18414.90,15783.80,8982.10,
2022-12-16,18269.00,15636.35,8831.40,
2022-12-19,18420.45,15755.20,8890.70,
2022-12-20,18385.30,15726.20,8859.90,
2022-12-21,18199.10,15527.55,8738.60,
2022-12-22,18127.35,15431.50,8691.90,
2022-12-23,17806.80,15046.00,8400.35,
2022-12-26,18014.60,,,
2022-12-27,18132.30,15418.35,8678.30,
2022-12-28,18122.50,15432.80,8698.40,
2022-12-29,18191.00,15485.20,8697.50,
2022-12-30,18105.30,15448.85,8751.75,
2023-01-02,18197.45,15523.65,8821.80,
2023-01-03,18232.55,15557.80,8843.35,
2023-01-04,18042.95,15393.00,8745.70,
2023-01-05,17992.15,15386.20,8808.60,
2023-01-06,17859.45,15272.00,8752.30,
2023-01-09,18101.20,15450.10,8826.95,
2023-01-10,17914.15,15325.25,8786.30,
2023-01-11,17895.70,15301.35,8785.40,
2023-01-12,17858.20,15279.60,8748.90,
2023-01-13,17956.60,15346.10,8747.40,
2023-01-16,17894.85,15305.45,8707.35,
2023-01-17,18053.30,15396.15,8695.65,
2023-01-18,18165.35,15466.35,8754.10,
2023-01-19,18107.85,15419.70,8755.35,
2023-01-20,18027.65,15347.90,8687.15,
2023-01-23,18118.55,15403.20,8788.50,
2023-01-24,18118.30,15388.55,8733.45,
2023-01-25,17891.95,15171.95,8604.10,
2023-01-27,17604.35,14874.75,8463.00,
2023-01-30,17648.95,14854.20,8476.95,
2023-01-31,17662.15,14935.50,8638.00,
2023-02-01,17616.30,14847.65,8554.70,
2023-02-02,17610.40,14839.40,8580.65,
2023-02-03,17854.05,14962.35,8604.05,
2023-02-06,17764.60,14934.15,8667.30,
2023-02-07,17721.50,14902.20,8659.50,
2023-02-08,17871.70,15028.30,8740.45,
2023-02-09,17893.45,15030.10,8758.55,
2023-02-10,17856.50,15015.85,8771.75,
2023-02-13,17770.90,14900.50,8629.50,
2023-02-14,17929.85,14968.90,8627.35,
2023-02-15,18015.85,15039.65,8688.85,
2023-02-16,18035.85,15083.75,8749.70,
2023-02-17,17944.20,15003.95,8658.85,
2023-02-20,17844.60,14938.65,8647.30,
2023-02-21,17826.70,14913.95,8609.95,
2023-02-22,17554.30,14701.90,8519.75,
2023-02-23,17511.25,14666.75,8507.45,
2023-02-24,17465.80,14630.45,8476.95,
2023-02-27,17392.70,14548.70,8418.00,
2023-02-28,17303.95,14518.75,8456.70,
2023-03-01,17450.90,14664.85,8567.70,
2023-03-02,17321.90,14587.25,8549.00,
2023-03-03,17594.35,14774.75,8623.75,
2023-03-06,17711.45,14881.00,8680.65,
2023-03-08,17754.40,14921.95,8745.10,
2023-03-09,17589.60,14803.95,8690.95,
2023-03-10,17412.90,14679.85,8627.95,
2023-03-13,17154.30,14454.45,8455.55,
2023-03-14,17043.30,14358.55,8423.50,
2023-03-15,16972.15,14320.30,8411.40,
2023-03-16,16985.60,14330.35,8455.05,
2023-03-17,17100.05,14420.85,8487.70,
2023-03-20,16988.40,14317.10,8392.20,
2023-03-21,17107.50,14411.30,8433.60,
2023-03-22,17151.90,14460.00,8451.70,
2023-03-23,17076.90,14403.60,8399.90,
2023-03-24,16945.05,14279.00,8283.75,
2023-03-27,16985.70,14262.70,8255.85,
2023-03-28,16951.70,14211.80,8231.10,
2023-03-29,17080.70,14345.60,8373.50,
2023-03-31,17359.75,14557.85,8466.80,
2023-04-03,17398.05,14601.95,8497.75,
2023-04-05,17557.05,14709.40,8495.55,
2023-04-06,17599.15,14759.20,8550.65,
2023-04-10,17624.05,14790.55,8581.95,
2023-04-11,17722.30,14867.25,8607.85,
2023-04-12,17812.40,14941.55,8646.40,
2023-04-13,17828.00,14954.25,8677.35,
2023-04-17,17706.85,14904.30,8699.20,
2023-04-18,17660.15,14897.00,8771.70,
2023-04-19,17618.75,14856.90,8753.45,
2023-04-20,17624.45,14861.75,8767.10,
2023-04-21,17624.05,14847.10,8731.30,
2023-04-24,17743.40,14930.15,8790.30,
2023-04-25,17769.25,14955.70,8815.10,
2023-04-26,17813.60,14994.40,8834.20,
2023-04-27,17915.05,15075.05,8865.15,
2023-04-28,18065.00,15219.55,8962.85,
2023-05-02,18147.65,15300.75,9062.20,
2023-05-03,18089.85,15276.40,9065.85,
2023-05-04,18255.80,15405.50,9122.90,
2023-05-05,18069.00,15278.60,9036.80,
2023-05-08,18264.40,15427.10,9149.15,
2023-05-09,18265.95,15420.60,9152.80,
2023-05-10,18315.10,15466.05,9158.00,
2023-05-11,18297.00,15484.05,9194.65,
2023-05-12,18314.80,15477.35,9149.60,
2023-05-15,18398.85,15549.70,9239.25,
2023-05-16,18286.50,15492.40,9269.70,
2023-05-17,18181.75,15426.35,9244.65,
2023-05-18,18129.95,15361.60,9176.55,
2023-05-19,18203.40,15407.55,9176.10,
2023-05-22,18314.40,15504.00,9235.90,
2023-05-23,18348.00,15544.75,9286.15,
2023-05-24,18285.40,15515.95,9267.60,
2023-05-25,18321.15,15555.25,9332.00,
2023-05-26,18499.35,15696.75,9428.60,
2023-05-29,18598.65,15772.35,9470.35,
2023-05-30,18633.85,15799.45,9506.40,
2023-05-31,18534.40,15766.40,9539.90,
2023-06-01,18487.75,15760.35,9559.50,
2023-06-02,18534.10,15811.20,9629.65,
2023-06-05,18593.85,15859.50,9638.15,
2023-06-06,18599.00,15878.40,9628.15,
2023-06-07,18726.40,16006.70,9704.75,
2023-06-08,18634.55,15921.05,9609.60,
2023-06-09,18563.40,15877.40,9598.85,
2023-06-12,18601.50,15929.10,9675.65,
2023-06-13,18716.15,16048.20,9795.50,
2023-06-14,18755.90,16084.05,9819.65,
2023-06-15,18688.10,16058.25,9803.35,
2023-06-16,18826.00,16181.45,9884.20,
2023-06-19,18755.45,16142.15,9891.55,
2023-06-20,18816.70,16199.95,9957.55,
2023-06-21,18856.85,16240.95,10032.40,
2023-06-22,18771.25,16140.80,9911.45,
2023-06-23,18665.50,16011.80,9807.25,
2023-06-26,18691.20,16066.15,9883.80,
2023-06-27,18817.40,16163.50,9945.10,
2023-06-28,18972.10,16277.20,10040.05,
2023-06-30,19189.05,16430.00,10126.85,
2023-07-03,19322.55,16527.95,10142.95,
2023-07-04,19389.00,16556.05,10119.60,
2023-07-05,19398.50,16597.20,10194.15,
2023-07-06,19497.30,16695.05,10267.40,
2023-07-07,19331.80,16564.90,10169.95,
2023-07-10,19355.90,16553.75,10141.85,
2023-07-11,19439.40,16648.00,10249.25,
2023-07-12,19384.30,16641.05,10286.00,
2023-07-13,19413.75,16623.90,10193.95,
2023-07-14,19564.50,16765.45,10350.95,
2023-07-17,19711.45,16872.05,10373.75,
2023-07-18,19749.25,16872.00,10368.60,
2023-07-19,19833.15,16953.50,10454.90,
2023-07-20,19979.15,17042.55,10476.25,
2023-07-21,19745.00,16904.30,10446.55,
2023-07-24,19672.35,16865.15,10461.20,
2023-07-25,19680.60,16896.90,10503.45,
2023-07-26,19778.30,16975.00,10562.15,
2023-07-27,19659.90,16919.20,10624.50,
2023-07-28,19646.05,16948.35,10686.30,
2023-07-31,19753.80,17059.00,10822.50,
2023-08-01,19733.55,17051.15,10793.95,
2023-08-02,19526.55,16858.95,10643.20,
2023-08-03,19381.65,16772.30,10657.55,
2023-08-04,19517.00,16890.60,10741.90,
2023-08-07,19597.30,16956.35,10787.80,
2023-08-08,19570.85,16949.25,10803.40,
2023-08-09,19632.55,17003.85,10855.90,
2023-08-10,19543.10,16939.85,10868.15,
2023-08-11,19428.30,16860.15,10821.85,
2023-08-14,19434.55,16825.55,10827.45,
2023-08-16,19465.00,16853.05,10837.55,
2023-08-17,19365.25,16802.25,10872.75,
2023-08-18,19310.15,16757.70,10824.30,
2023-08-21,19393.60,16852.05,10904.00,
2023-08-22,19396.45,16905.25,11009.20,
2023-08-23,19444.00,16950.25,11081.70,
2023-08-24,19386.70,16930.15,11131.05,
2023-08-25,19265.80,16820.85,11021.60,
2023-08-28,19306.05,16875.30,11073.05,
2023-08-29,19342.65,16927.30,11109.35,
2023-08-30,19347.45,16968.95,11205.35,
2023-08-31,19253.80,16924.30,11182.65,
2023-09-01,19435.30,17074.55,11260.60,
2023-09-04,19528.80,17180.95,11327.05,
2023-09-05,19574.90,17252.10,11437.65,
2023-09-06,19611.05,17284.60,11469.65,
2023-09-07,19727.05,17385.50,11520.80,
2023-09-08,19819.95,17487.45,11647.15,
2023-09-11,19996.35,17653.35,11725.65,
2023-09-12,19993.20,17460.55,11386.50,
2023-09-13,20070.00,17526.75,11454.95,
2023-09-14,20103.10,17603.50,11582.80,
2023-09-15,20192.35,17665.80,11635.90,
2023-09-18,20133.30,17613.60,11595.50,
2023-09-20,19901.40,17449.35,11594.70,
2023-09-21,19742.35,17303.50,11502.50,
2023-09-22,19674.25,17260.80,11494.90,
2023-09-25,19674.55,17272.55,11600.65,
2023-09-26,19664.70,17276.75,11554.70,
2023-09-27,19716.45,17341.60,11655.00,
2023-09-28,19523.55,17170.45,11453.65,
2023-09-29,19638.30,17292.60,11611.65,
2023-10-03,19528.75,17254.40,11607.60,
2023-10-04,19436.10,17123.10,11448.90,
2023-10-05,19545.75,17195.80,11453.90,
2023-10-06,19653.50,17293.60,11543.70,
2023-10-09,19512.35,17127.70,11415.65,
2023-10-10,19689.85,17303.35,11568.45,
2023-10-11,19811.35,17407.35,11607.55,
2023-10-12,19794.00,17419.70,11646.30,
2023-10-13,19751.05,17390.35,11626.70,
2023-10-16,19731.75,17393.00,11648.90,
2023-10-17,19811.50,17467.70,11672.65,
2023-10-18,19671.10,17344.00,11542.75,
2023-10-19,19624.70,17310.50,11537.85,
2023-10-20,19542.65,17208.75,11346.45,
2023-10-23,19281.75,16888.70,11140.35,
2023-10-25,19122.15,16760.80,11066.55,
2023-10-26,18857.25,16555.45,10893.00,
2023-10-27,19047.25,16765.45,11033.10,
2023-10-30,19140.90,16826.10,11022.10,
2023-10-31,19079.60,16801.10,11068.85,
2023-11-01,18989.15,16732.95,11049.05,
2023-11-02,19133.25,16890.80,11225.60,
2023-11-03,19230.60,17000.95,11311.35,
2023-11-06,19411.75,17159.40,11380.85,
2023-11-07,19406.70,17187.80,11403.10,
2023-11-08,19443.50,17259.70,11501.05,
2023-11-09,19395.30,17218.90,11554.55,
2023-11-10,19425.35,17256.60,11613.75,
2023-11-13,19443.55,17318.60,11673.40,
2023-11-15,19675.45,17508.05,11774.95,
2023-11-16,19765.20,17593.10,11875.35,
2023-11-17,19731.80,17600.50,11905.45,
2023-11-20,19694.00,17573.65,11919.80,
2023-11-21,19783.40,17627.60,11954.55,
2023-11-22,19811.85,17627.70,11941.90,
2023-11-23,19802.00,17639.40,11960.35,
2023-11-24,19794.70,17643.50,11955.25,
2023-11-28,19889.70,17741.80,12031.60,
2023-11-29,20096.60,17904.10,12113.80,
2023-11-30,20133.15,17987.95,12200.60,
2023-12-01,20267.90,18115.35,12334.50,
2023-12-04,20686.80,18448.50,12464.45,
2023-12-05,20855.10,18588.55,12508.05,
2023-12-06,20937.70,18680.00,12549.40,
2023-12-07,20901.15,18703.85,12631.20,
2023-12-08,20969.40,18703.50,12624.20,
2023-12-11,20997.10,18770.20,12684.70,
2023-12-12,20906.40,18686.80,12650.35,
2023-12-13,20926.35,18751.45,12815.55,
2023-12-14,21182.70,18973.85,13000.70,
2023-12-15,21456.65,19145.05,13029.35,
2023-12-18,21418.65,19155.55,13039.10,
2023-12-19,21453.10,19169.25,12977.65,
2023-12-20,21150.15,18779.45,12560.00,
2023-12-21,21255.05,18941.80,12764.85,
2023-12-22,21349.40,19054.70,12838.20,
2023-12-26,21441.35,19148.85,12905.60,
2023-12-27,21654.75,19296.95,12946.50,
2023-12-28,21778.70,19399.25,13066.25,
2023-12-29,21731.40,19429.15,13144.95,
2024-01-01,21741.90,,,
2024-01-02,21665.80,19418.40,13198.35,
2024-01-03,21517.35,19367.15,13226.10,
2024-01-04,21658.60,19541.25,13455.20,
2024-01-05,21710.80,19590.60,13461.55,
2024-01-08,21513.00,19417.70,13291.05,
2024-01-09,21544.85,19459.55,13253.05,
2024-01-10,21618.70,19517.85,13235.85,
2024-01-11,21647.20,19584.35,13271.65,
2024-01-12,21894.55,19745.60,13353.80,
2024-01-15,22097.45,19885.55,13477.55,
2024-01-16,22032.30,19827.55,13410.85,
2024-01-17,21571.95,19487.60,13236.95,
2024-01-18,21462.25,19414.80,13292.50,
2024-01-19,21622.40,19606.40,13477.20,
2024-01-23,21238.80,19206.45,13049.05,
2024-01-24,21453.95,19451.00,13356.20,
2024-01-25,21352.60,19393.00,13240.00,
2024-01-29,21737.60,19711.65,13543.80,
2024-01-30,21522.10,19574.20,13476.35,
2024-01-31,21725.70,19802.10,13620.60,
2024-02-01,21697.45,19777.35,13529.35,
2024-02-02,21853.80,19910.80,13657.70,
2024-02-05,21771.70,19853.50,13700.05,
2024-02-06,21929.40,20033.75,13862.90,
2024-02-07,21930.50,20109.55,13930.80,
2024-02-08,21717.95,19987.55,13948.60,
2024-02-09,21782.50,19961.50,13840.90,
2024-02-12,21616.05,19675.20,13579.30,
2024-02-13,21743.25,19782.90,13638.45,
2024-02-14,21840.05,19922.30,13776.35,
2024-02-15,21910.75,20037.00,13914.40,
2024-02-16,22040.70,20164.90,14035.45,
2024-02-19,22122.25,,,
2024-02-20,22196.95,20271.90,13984.00,
2024-02-21,22055.05,20128.30,13813.55,
2024-02-22,22217.45,20283.95,13961.95,
2024-02-23,22212.70,20313.50,14062.20,
2024-02-26,22122.05,20255.80,13977.90,
2024-02-27,22198.35,20292.85,13931.95,
2024-02-28,21951.15,20020.40,13618.25,
2024-02-29,21982.80,20090.05,13745.85,
2024-03-01,22338.75,20349.80,13898.10,
2024-03-04,22405.60,20432.05,14056.75,
2024-03-05,22356.30,20382.00,13989.05,
2024-03-06,22474.05,20379.55,13915.80,
2024-03-07,22493.55,20434.80,13948.40,
2024-03-11,22332.65,20288.75,13876.40,
2024-03-12,22335.70,20171.40,13719.30,
2024-03-13,21997.70,19646.30,13189.05,
2024-03-14,22146.65,19916.35,13407.20,
2024-03-15,22023.35,19825.20,13345.55,
2024-03-18,22055.70,19843.10,13201.15,
2024-03-19,21817.45,19610.55,12981.90,
2024-03-20,21839.10,19632.05,12975.15,
2024-03-21,22011.95,19897.40,13305.40,
2024-03-22,22096.75,19994.60,13329.95,
2024-03-26,22004.70,20005.25,13474.10,
2024-03-27,22123.65,20087.80,13460.05,
2024-03-28,22326.90,20255.15,13526.50,
2024-04-01,22462.00,20492.55,13772.60,
2024-04-02,22453.30,20569.75,13922.60,
2024-04-03,22434.65,20605.70,13955.85,
2024-04-04,22514.65,20664.65,13941.15,
2024-04-05,22513.70,20715.10,13978.35,
2024-04-08,22666.30,20819.10,13957.10,
2024-04-09,22642.75,20790.70,13941.60,
2024-04-10,22753.80,20915.20,14097.95,
2024-04-12,22519.40,20745.50,14049.10,
2024-04-15,22272.50,20478.75,13841.30,
2024-04-16,22147.90,20423.00,13765.50,
2024-04-18,21995.85,20324.70,13687.05,
2024-04-19,22147.00,20385.20,13595.45,
2024-04-22,22336.40,20574.85,13681.25,
2024-04-23,22368.00,20652.65,13780.65,
2024-04-24,22402.40,20730.65,13901.80,
2024-04-25,22570.35,20867.90,13964.35,
2024-04-26,22419.95,20839.35,14083.25,
2024-04-29,22643.40,20992.20,14153.05,
2024-04-30,22604.85,20997.20,14161.90,
2024-05-02,22648.20,21083.60,14243.60,
2024-05-03,22475.85,20959.55,14189.30,
2024-05-06,22442.70,20864.95,14157.95,
2024-05-07,22302.50,20636.05,13874.70,
2024-05-08,22302.50,20704.90,14010.40,
2024-05-09,21957.50,20344.80,13755.65,
2024-05-10,22055.20,20469.10,13909.90,
2024-05-13,22104.05,20511.00,14064.80,
2024-05-14,22217.85,20683.80,14163.15,
2024-05-15,22200.55,20741.85,14262.55,
2024-05-16,22403.85,20929.05,14396.90,
2024-05-17,22466.10,21064.55,14515.20,
2024-05-21,22529.05,21187.65,14614.50,
2024-05-22,22597.80,21237.75,14618.60,
2024-05-23,22967.65,21489.55,14677.45,
2024-05-24,22957.10,21483.75,14662.65,
2024-05-27,22932.45,21493.00,14783.75,
2024-05-28,22888.15,21387.35,14664.70,
2024-05-29,22704.70,21256.30,14637.80,
2024-05-30,22488.65,21038.55,14390.85,
2024-05-31,22530.70,21103.30,14443.45,
2024-06-03,23263.90,21797.40,14919.50,
2024-06-04,21884.50,20323.85,13762.25,
2024-06-05,22620.35,21054.40,14456.35,
2024-06-06,22821.40,21365.00,14724.25,
2024-06-07,23290.15,21764.15,14952.40,
2024-06-10,23259.20,21808.25,14908.00,
2024-06-11,23264.85,21852.00,15031.90,
2024-06-12,23322.95,21960.95,15243.40,
2024-06-13,23398.90,22074.30,15378.35,
2024-06-14,23465.60,22214.30,15523.60,
2024-06-18,23557.90,22329.60,15591.55,
2024-06-19,23516.00,22224.90,15442.95,
2024-06-20,23567.00,22305.10,15616.60,
2024-06-21,23501.10,22236.20,15623.80,
2024-06-24,23537.85,22289.10,15707.65,
2024-06-25,23721.30,22370.65,15659.85,
2024-06-26,23868.80,22436.80,15595.45,
2024-06-27,24044.50,22537.40,15641.80,
2024-06-28,24010.60,22559.70,15711.15,
2024-07-01,24141.95,22727.60,15840.40,
2024-07-02,24123.85,22677.80,15711.45,
2024-07-03,24286.50,22851.20,15862.30,
2024-07-04,24302.15,22914.20,15976.05,
2024-07-05,24323.85,22987.65,16097.35,
2024-07-08,24320.55,22971.15,15988.95,
2024-07-09,24433.20,23067.35,16027.45,
2024-07-10,24324.45,22977.65,15947.75,
2024-07-11,24315.95,23005.25,15966.15,
2024-07-12,24502.15,23095.45,15954.90,
2024-07-15,24586.70,23209.85,16088.45,
2024-07-16,24613.00,23204.25,16104.60,
2024-07-18,24800.85,23210.05,16002.75,
2024-07-19,24530.90,22853.60,15596.40,
2024-07-22,24509.25,22942.65,15867.10,
2024-07-23,24479.05,22865.20,15843.55,
2024-07-24,24413.50,22921.45,15981.15,
2024-07-25,24406.10,22917.25,15938.85,
2024-07-26,24834.85,23292.05,16296.30,
2024-07-29,24836.10,23394.20,16455.90,
2024-07-30,24857.30,23440.90,16546.55,
2024-07-31,24951.15,23530.80,16661.65,
2024-08-01,25010.90,23506.60,16505.95,
2024-08-02,24717.70,23259.45,16269.15,
2024-08-05,24055.60,22542.45,15735.95,
2024-08-06,23992.55,22443.30,15654.65,
2024-08-07,24297.50,22848.90,16077.70,
2024-08-08,24117.00,22705.70,16052.60,
2024-08-09,24367.50,22923.50,16176.55,
2024-08-12,24347.00,22915.85,16196.75,
2024-08-13,24139.00,22705.80,16055.35,
2024-08-14,24143.75,22672.65,15922.95,
2024-08-16,24541.15,23056.50,16246.25,
2024-08-19,24572.65,23139.75,16260.05,
2024-08-20,24698.85,23280.35,16394.95,
2024-08-21,24770.20,23368.65,16444.35,
2024-08-22,24811.50,23440.70,16575.35,
2024-08-23,24823.15,23418.65,16463.10,
2024-08-26,25010.60,23561.75,16558.00,
2024-08-27,25017.75,23604.85,16581.00,
2024-08-28,25052.35,23615.95,16586.20,
2024-08-29,25151.95,23631.40,16514.70,
2024-08-30,25235.90,23734.55,16618.80,
2024-09-02,25278.70,23760.70,16588.75,
2024-09-03,25279.85,23788.45,16651.60,
2024-09-04,25198.70,23748.90,16627.95,
2024-09-05,25145.10,23762.80,16705.15,
2024-09-06,24852.15,23477.70,16413.95,
2024-09-09,24936.40,23502.15,16328.90,
2024-09-10,25041.10,23643.65,16562.85,
2024-09-11,24918.45,23531.25,16545.85,
2024-09-12,25388.90,23907.35,16760.15,
2024-09-13,25356.50,23928.20,16878.00,
2024-09-16,25383.75,23968.20,16889.95,
2024-09-17,25418.55,23969.90,16881.00,
2024-09-18,25377.55,23898.65,16687.75,
2024-09-19,25415.80,23853.95,16584.55,
2024-09-20,25790.95,24193.80,16767.45,
2024-09-23,25939.05,24379.20,16921.30,
2024-09-24,25940.40,24389.70,16990.35,
2024-09-25,26004.15,24371.25,16913.00,
2024-09-26,26216.05,24496.90,16947.30,
2024-09-27,26178.95,24489.55,16987.90,
2024-09-30,25810.85,24245.20,16883.35,
2024-10-01,25796.90,24271.30,16952.05,
2024-10-03,25250.10,23755.45,16563.70,
2024-10-04,25014.60,23534.95,16387.60,
2024-10-07,24795.75,23181.95,16133.15,
2024-10-08,25013.15,23512.55,16408.35,
2024-10-09,24981.95,23599.60,16549.20,
2024-10-10,24998.45,23598.15,16482.35,
2024-10-11,24964.25,23611.25,16520.90,
2024-10-14,25127.95,23727.05,16617.45,
2024-10-15,25057.35,23735.70,16658.95,
2024-10-16,24971.30,23673.15,16659.05,
2024-10-17,24749.85,23377.00,16399.20,
2024-10-18,24854.05,23440.70,16460.60,
2024-10-21,24781.10,23263.25,16135.20,
2024-10-22,24472.10,22814.45,15739.50,
2024-10-23,24435.50,22841.10,15763.00,
2024-10-24,24399.40,22787.85,15656.50,
2024-10-25,24180.80,22499.05,15419.60,
2024-10-28,24339.15,22649.95,15544.65,
2024-10-29,24466.85,22795.05,15677.45,
2024-10-30,24340.85,22749.80,15647.50,
2024-10-31,24205.35,22689.35,15539.60,
2024-11-01,24304.35,22823.55,15649.30,
2024-11-04,23995.35,22518.30,15507.20,
2024-11-05,24213.30,22679.85,15591.75,
2024-11-06,24484.05,23031.20,15958.40,
2024-11-07,24199.35,22806.25,15856.60,
2024-11-08,24148.20,22645.65,15656.90,
2024-11-11,24141.30,22591.40,15529.20,
2024-11-12,23883.45,22331.05,15341.40,
2024-11-13,23559.05,21914.95,14966.50,
2024-11-14,23532.70,21963.10,15048.10,
2024-11-18,23453.80,21899.40,15079.15,
2024-11-19,23518.50,22004.35,15185.00,
2024-11-21,23349.90,21820.85,15167.55,
2024-11-22,23907.25,22225.55,15353.70,
2024-11-25,24221.90,22553.50,15604.05,
2024-11-26,24194.50,22562.45,15635.35,
2024-11-27,24274.90,22691.70,15730.40,
2024-11-28,23914.15,22514.35,15661.85,
2024-11-29,24131.10,22687.00,15697.75,
2024-12-02,24276.05,22835.85,15923.55,
2024-12-03,24457.15,23020.85,16055.70,
2024-12-04,24467.45,23099.50,16217.05,
2024-12-05,24708.40,23277.95,16270.95,
2024-12-06,24677.80,23312.10,16322.25,
2024-12-09,24619.00,23292.00,16409.50,
2024-12-10,24610.05,23314.90,16483.65,
2024-12-11,24641.80,23358.15,16536.95,
2024-12-12,24548.70,23256.40,16463.85,
2024-12-13,24768.30,23358.95,16456.25,
2024-12-16,24668.25,23352.45,16572.90,
2024-12-17,24336.00,23095.75,16490.05,
2024-12-18,24198.85,22934.40,16381.35,
2024-12-19,23951.70,22752.15,16322.75,
2024-12-20,23587.50,22319.40,15881.10,
2024-12-23,23753.45,22412.30,15955.25,
2024-12-24,23727.65,22402.70,15926.80,
2024-12-26,23750.20,22430.35,15962.95,
2024-12-27,23813.40,22445.20,15919.40,
2024-12-30,23644.90,22357.15,16030.35,
2024-12-31,23644.80,22375.40,15974.10,
2025-01-01,23742.90,,,
2025-01-02,24188.65,22819.75,16241.95,
2025-01-03,24004.75,22708.15,16181.60,
2025-01-06,23616.05,22225.40,15748.30,
2025-01-07,23707.90,22341.65,15868.05,
2025-01-08,23688.95,22231.80,15692.20,
2025-01-09,23526.50,22046.55,15574.75,
2025-01-10,23431.50,21799.00,15266.45,
2025-01-13,23085.95,21243.45,14650.10,
2025-01-14,23176.05,21481.05,14970.10,
2025-01-15,23213.20,21551.20,15038.40,
2025-01-16,23311.80,21714.55,15131.50,
2025-01-17,23203.20,21680.25,15139.65,
2025-01-20,23344.75,21809.00,15298.45,
2025-01-21,23024.65,21433.20,14963.00,
2025-01-22,23155.35,21396.55,14774.75,
2025-01-23,23205.35,21538.05,15008.20,
2025-01-24,23092.20,21318.90,14827.00,
2025-01-27,22829.15,20910.95,14427.05,
2025-01-28,22957.25,20924.75,14341.40,
2025-01-29,23163.10,21245.50,14671.25,
2025-01-30,23249.50,21297.50,14674.05,
2025-01-31,23508.40,21580.90,14948.10,
2025-02-01,23482.15,,,
2025-02-03,23361.05,21402.55,14828.50,
2025-02-04,23739.25,21727.45,15070.00,
2025-02-05,23696.30,21784.25,15155.95,
2025-02-06,23603.35,21672.45,14961.90,
2025-02-07,23559.95,21646.15,15010.10,
2025-02-10,23381.60,21371.30,14671.20,
2025-02-11,23071.80,20950.45,14253.60,
2025-02-12,23045.25,20907.85,14218.50,
2025-02-13,23031.40,20904.35,14257.05,
2025-02-14,22929.25,20633.10,13927.35,
2025-02-17,22959.50,20652.35,13996.85,
2025-02-18,22945.30,20611.40,13996.75,
2025-02-19,22932.90,20731.45,14162.75,
2025-02-20,22913.15,20831.10,14323.05,
2025-02-21,22795.90,20690.25,14142.50,
2025-02-24,22553.35,20468.45,14022.05,
2025-02-25,22547.55,20418.75,13942.20,
2025-02-27,22545.05,20315.55,13824.45,
2025-02-28,22124.70,19880.90,13540.15,
2025-03-03,22119.30,19896.95,13602.85,
2025-03-04,22082.65,19917.85,13594.55,
2025-03-05,22337.30,20256.50,13936.70,
2025-03-06,22544.70,20447.10,13983.20,
2025-03-07,22552.50,20443.40,13922.10,
2025-03-10,22460.30,20266.50,13708.40,
2025-03-11,22497.90,20302.50,13835.75,
2025-03-12,22470.50,20264.35,13743.65,
2025-03-13,22397.20,20176.05,13632.85,
2025-03-17,22508.75,20288.30,13752.35,
2025-03-18,22834.30,20657.20,14041.30,
2025-03-19,22907.60,20864.50,14389.75,
2025-03-20,23190.65,21070.05,14479.75,
2025-03-21,23350.40,21273.90,14630.15,
2025-03-24,23658.35,21538.10,14829.80,
2025-03-25,23668.65,21437.75,14659.20,
2025-03-26,23486.85,21275.45,14567.05,
2025-03-27,23591.95,21407.95,14591.70,
2025-03-28,23519.35,21339.55,14561.60,
2025-04-01,23165.70,21070.75,14421.70,
2025-04-02,23332.35,21265.65,14665.95,
2025-04-03,23250.10,21243.40,14659.90,
2025-04-04,22904.45,20805.35,14238.75,
2025-04-07,22161.60,20105.70,13756.60,
2025-04-08,22535.85,20480.80,14064.25,
2025-04-09,22399.15,20356.75,14031.60,
2025-04-11,22828.55,20752.85,14267.90,
2025-04-15,23328.55,21279.40,14660.90,
2025-04-16,23437.20,21404.35,14736.90,
2025-04-17,23851.65,21681.55,14829.25,
2025-04-21,24125.55,22005.75,15191.90,
2025-04-22,24167.25,22085.15,15352.20,
2025-04-23,24328.95,22237.60,15540.15,
2025-04-24,24246.70,22180.65,15513.80,
2025-04-25,24039.35,21848.15,15137.50,
2025-04-28,24328.50,22101.85,15404.95,
2025-04-29,24335.95,22112.40,15442.30,
2025-04-30,24334.20,22030.05,15314.10,
2025-05-02,24346.70,22006.00,15176.35,
2025-05-05,24461.15,22195.15,15448.90,
2025-05-06,24379.60,21956.60,15120.70,
2025-05-07,24414.40,22072.45,15407.40,
2025-05-08,24273.80,21843.05,15098.85,
2025-05-09,24008.00,21675.55,15097.55,
2025-05-12,24924.70,22511.40,15723.15,
2025-05-13,24578.35,22349.40,15729.20,
2025-05-14,24666.90,22499.50,15848.60,
2025-05-15,25062.10,22788.80,15931.85,
2025-05-16,25019.80,22870.90,16043.65,
2025-05-19,24945.45,22865.80,16044.10,
2025-05-20,24683.90,22585.60,15797.60,
2025-05-21,24813.45,22730.65,15888.00,
2025-05-22,24609.70,22595.00,15759.25,
2025-05-23,24853.15,22781.05,15882.00,
2025-05-26,25001.15,22908.30,15970.45,
2025-05-27,24826.20,22816.50,15973.55,
2025-05-28,24752.45,22779.40,15929.80,
2025-05-29,24833.60,22861.35,16041.45,
2025-05-30,24750.70,22801.95,15998.90,
2025-06-02,24716.60,22834.50,16114.35,
2025-06-03,24542.50,22711.30,16052.55,
2025-06-04,24620.20,22807.85,16195.40,
2025-06-05,24750.90,22934.50,16296.65,
2025-06-06,25003.05,23165.10,16569.60,
2025-06-09,25103.20,23330.55,16755.25,
2025-06-10,25104.25,23339.95,16749.15,
2025-06-11,25141.40,23337.85,16683.30,
2025-06-12,24888.20,23046.45,16438.05,
2025-06-13,24718.60,22906.20,16391.90,
2025-06-16,24946.50,23095.05,16545.70,
2025-06-17,24853.40,22981.50,16447.40,
2025-06-18,24812.05,22925.20,16367.85,
2025-06-19,24793.25,22763.50,16102.00,
2025-06-20,25112.40,23041.10,16357.25,
2025-06-23,24971.90,23001.50,16420.80,
2025-06-24,25044.35,23113.20,16557.50,
2025-06-25,25244.75,23296.85,16634.25,
2025-06-26,25549.00,23517.55,16745.05,
2025-06-27,25637.80,23620.15,16760.95,
2025-06-30,25517.05,23617.20,16846.20,
2025-07-01,25541.80,23615.45,16851.55,
2025-07-02,25453.40,23547.25,16840.20,
2025-07-03,25405.30,23521.85,16860.80,
2025-07-04,25461.00,23562.45,16841.15,
2025-07-07,25461.30,23551.20,16811.15,
2025-07-08,25522.50,23572.55,16776.10,
2025-07-09,25476.10,23557.45,16753.15,
2025-07-10,25355.25,23471.40,16675.65,
2025-07-11,25149.85,23282.70,16482.90,
2025-07-14,25082.30,23309.05,16620.30,
2025-07-15,25195.80,23449.15,16783.80,
2025-07-16,25212.05,23472.50,16776.25,
2025-07-17,25111.45,23419.70,16747.45,
2025-07-18,24968.40,23275.15,16645.40,
2025-07-21,25090.70,23378.45,16752.60,
2025-07-22,25060.90,23320.90,16621.15,
2025-07-23,25219.90,23428.40,16694.15,
2025-07-24,25062.10,23301.10,16566.85,
2025-07-25,24837.00,23014.80,16334.55,
2025-07-28,24680.90,22846.95,16254.45,
2025-07-29,24821.10,23007.35,16386.15,
2025-07-30,24855.05,23033.55,16367.75,
2025-07-31,24768.35,22914.95,16212.45,
2025-08-01,24565.35,22673.65,15963.15,
2025-08-04,24722.75,22860.40,16177.75,
2025-08-05,24649.55,22798.50,16084.50,
2025-08-06,24574.20,22666.85,15955.65,
2025-08-07,24596.15,22694.10,16034.05,
2025-08-08,24363.30,22443.15,15785.60,
2025-08-11,24585.05,22633.45,15922.25,
2025-08-12,24487.40,22568.60,15856.05,
2025-08-13,24619.35,22698.10,15996.60,
2025-08-14,24631.30,22680.25,15926.15,
2025-08-18,24876.95,22931.50,16136.95,
2025-08-19,24980.65,23066.60,16299.35,
2025-08-20,25050.55,23143.15,16392.35,
2025-08-21,25083.75,23137.15,16316.60,
2025-08-22,24870.10,22991.30,16306.85,
2025-08-25,24967.75,23052.00,16332.70,
2025-08-26,24712.05,22768.65,16020.40,
2025-08-28,24500.90,22541.65,15817.35,
2025-08-29,24426.85,22462.95,15714.75,
2025-09-01,24625.05,22713.55,16033.55,
2025-09-02,24579.60,22724.40,16068.90,
2025-09-03,24715.05,22864.65,16156.20,
2025-09-04,24734.30,22819.65,16069.10,
2025-09-05,24741.00,22829.15,16091.90,
2025-09-08,24773.15,22878.65,16163.35,
2025-09-09,24868.60,22949.10,16208.05,
2025-09-10,24973.10,23074.15,16361.70,
2025-09-11,25005.50,23102.65,16377.00,
2025-09-12,25114.00,23190.25,16430.05,
2025-09-15,25069.20,23215.85,16507.05,
2025-09-16,25239.10,23369.30,16600.45,
2025-09-17,25330.25,23445.20,16597.90,
2025-09-18,25423.60,23518.90,16658.90,
2025-09-19,25327.05,23486.65,16633.90,
2025-09-22,25202.35,23381.45,16511.45,
2025-09-23,25169.50,23325.25,16489.85,
2025-09-24,25056.90,23178.25,16313.75,
2025-09-25,24890.85,23022.40,16205.35,
2025-09-26,24654.70,22713.15,15902.30,
2025-09-29,24634.90,22739.10,15948.60,
2025-09-30,24611.10,22734.10,15945.40,
2025-10-01,24836.30,22928.30,16084.05,
2025-10-03,24894.25,23027.70,16199.85,
2025-10-06,25077.65,23169.65,16402.70,
2025-10-07,25108.30,23209.50,16474.00,
2025-10-08,25046.15,23109.35,16352.90,
2025-10-09,25181.80,23241.75,16522.40,
2025-10-10,25285.35,23337.55,16615.15,
2025-10-13,25227.35,23294.80,16653.90,
2025-10-14,25145.50,23184.05,16500.25,
2025-10-15,25323.55,23377.35,16678.15,
2025-10-16,25585.30,23563.80,16766.60,
2025-10-17,25709.85,23598.05,16668.75,
2025-10-20,25843.15,23716.10,16812.60,
2025-10-21,25868.60,23759.20,16814.25,
2025-10-23,25891.40,23755.90,16799.00,
2025-10-24,25795.15,23686.60,16736.80,
2025-10-27,25966.05,23840.90,16913.25,
2025-10-28,25936.20,23812.55,16931.25,
2025-10-29,26053.90,23952.40,17034.45,
2025-10-30,25877.85,23841.30,17052.25,
2025-10-31,25722.10,23710.40,17006.30,
2025-11-03,25763.35,23810.70,17135.65,
2025-11-04,25597.65,23675.45,17048.80,
2025-11-06,25509.70,23513.15,16931.35,
2025-11-07,25492.30,23521.50,17030.90,
2025-11-10,25574.35,23596.90,17097.45,
2025-11-11,25694.95,23682.65,17196.60,
2025-11-12,25875.80,23836.90,17339.65,
2025-11-13,25879.15,23816.00,17281.30,
2025-11-14,25910.05,23836.35,17299.70,
2025-11-17,26013.45,23954.55,17444.50,
2025-11-18,25910.05,23824.65,17337.65,
2025-11-19,26052.65,23906.30,17376.80,
2025-11-20,26192.15,23975.45,17376.35,
2025-11-21,26068.15,23790.25,17204.35,
2025-11-24,25959.50,23674.55,17092.55,
2025-11-25,25884.80,23655.05,17188.95,
2025-11-26,26205.30,23955.20,17424.10,
2025-11-27,26215.55,23947.75,17451.70,
2025-11-28,26202.95,23933.20,17423.05,
2025-12-01,26175.75,23922.45,17422.70,
2025-12-02,26032.20,23822.25,17382.10,
2025-12-03,25986.00,23716.30,17215.35,
2025-12-04,26033.75,23741.10,17252.35,
2025-12-05,26186.45,23835.25,17383.00,
2025-12-08,25960.55,23526.20,17085.65,
2025-12-09,25839.65,23516.25,17110.25,
2025-12-10,25758.00,23408.80,16918.75,
2025-12-11,25898.55,23550.85,17089.75,
2025-12-12,26046.95,23726.20,17276.20,
2025-12-15,26027.30,23725.20,17262.70,
2025-12-16,25860.10,23570.15,17114.50,
2025-12-17,25818.55,23496.05,17006.85,
2025-12-18,25815.55,23491.50,17091.85,
2025-12-19,25966.40,23677.55,17265.85,
2025-12-22,26172.40,23867.65,17397.90,
2025-12-23,26177.15,23895.15,17389.30,
2025-12-24,26142.10,23850.25,17248.20,
2025-12-26,26042.30,23780.25,17183.30,
2025-12-29,25942.10,23682.10,17096.90,
2025-12-30,25938.85,23668.80,17059.00,
2025-12-31,26129.60,23871.55,17254.05,
2026-01-01,26146.55,,,
2026-01-02,26328.55,24099.00,17505.70,
2026-01-05,26250.30,24058.45,17482.30,
2026-01-06,26178.70,24010.50,17471.35,
2026-01-07,26140.75,24016.60,17534.35,
2026-01-08,25876.85,23680.10,17215.45,
2026-01-09,25683.30,23467.35,17096.50,
2026-01-12,25790.25,23510.45,17085.40,
2026-01-13,25732.30,23480.65,17034.00,
2026-01-14,25665.60,23475.85,17054.25,
2026-01-16,25694.35,23485.30,17146.20,
2026-01-19,25585.50,23373.75,17103.00,
2026-01-20,25232.50,22946.65,16635.80,
2026-01-21,25157.50,22835.15,16453.55,
2026-01-22,25289.90,23008.75,16672.00,
2026-01-23,25048.65,22706.20,16348.15,
2026-01-27,25175.40,22819.25,16431.35,
2026-01-28,25342.75,23082.10,16703.05,
2026-01-29,25418.90,23134.80,16736.25,
2026-01-30,25320.65,23079.50,16693.25,
2026-02-02,25088.40,22837.00,16549.30,
2026-02-03,25727.55,23446.30,17013.20,
2026-02-04,25776.00,23534.95,17123.40,
2026-02-05,25642.80,23411.70,17084.95,
2026-02-06,25693.70,23434.00,17023.30,
2026-02-09,25867.30,23683.40,17249.15,
2026-02-10,25935.15,23753.75,17303.95,
2026-02-11,25953.85,23783.05,17330.05,
2026-02-12,25807.20,23651.55,17251.50,
2026-02-13,25471.10,23313.15,16960.45,
2026-02-16,25682.75,23472.45,17025.70,
2026-02-17,25725.40,23540.05,17048.95,
2026-02-18,25819.35,23645.80,17123.45,
2026-02-19,25454.35,23297.45,16844.25,
2026-02-20,25571.25,23395.00,16912.35,
2026-02-23,25713.00,23484.95,16772.40,
2026-02-24,25424.65,23304.60,16718.75,
2026-02-25,25482.50,23403.80,16828.70,
2026-02-26,25496.55,23448.50,16945.05,
2026-02-27,25178.65,23166.85,16765.60,
2026-03-02,24865.70,22835.95,16520.35,
2026-03-04,24480.50,22409.80,16198.95,
2026-03-05,24765.90,22697.80,16441.55,
2026-03-06,24450.45,22481.30,16300.85,
2026-03-09,24028.05,22056.55,16005.45,
2026-03-10,24261.60,22342.95,16262.25,
2026-03-11,23866.85,22042.30,15991.65,
2026-03-12,23639.15,21897.50,15922.20,
2026-03-13,23151.10,21391.20,15523.70,
2026-03-16,23408.80,21498.80,15497.00,
2026-03-17,23581.15,21669.30,15656.75,
2026-03-18,23777.80,21917.40,15983.45,
2026-03-19,23002.15,21225.80,15458.00,
2026-03-20,23114.50,21327.90,15572.60,
2026-03-23,22512.65,20664.25,15000.50,
2026-03-24,22912.40,21067.00,15411.75,
2026-03-25,23306.45,21478.20,15731.45,
2026-03-27,22819.60,21020.15,15396.10,
2026-03-30,22331.40,20528.05,14983.35,
2026-04-01,22679.40,20935.15,15295.45,
2026-04-02,22713.10,20938.35,15270.50,
2026-04-06,22968.25,21194.05,15507.20,
2026-04-07,23123.65,21296.45,15573.80,
2026-04-08,23997.35,22137.10,16210.35,
2026-04-09,23775.10,22037.50,16246.35,
2026-04-10,24050.60,22346.75,16452.40,
2026-04-13,23842.65,22179.05,16326.30,
2026-04-15,24231.30,22595.55,16699.40,
2026-04-16,24196.75,22656.30,16804.80,
2026-04-17,24353.55,22869.40,17014.60,
2026-04-20,24364.85,22865.80,16981.80,
2026-04-21,24576.60,23042.35,17061.25,
2026-04-22,24378.10,22991.50,17057.20,
2026-04-23,24173.05,22810.85,16936.05,
2026-04-24,23897.95,22570.05,16741.75,
2026-04-27,24092.70,22821.40,16996.20,
2026-04-28,23995.70,22765.60,17039.85,
2026-04-29,24177.65,22871.00,17029.30,
2026-04-30,23997.55,22683.55,16882.50,
2026-05-04,24119.30,22830.75,16984.90,
2026-05-05,24032.80,22808.25,16997.60,
2026-05-06,24330.95,23133.40,17372.95,
2026-05-07,24326.65,23214.00,17617.55,
2026-05-08,24176.15,23115.65,17628.20,
2026-05-11,23815.85,22795.75,17481.05,
2026-05-12,23379.55,22299.90,17055.50,
2026-05-13,23412.60,22377.35,17156.90,
2026-05-14,23689.60,22613.10,17357.50,
2026-05-15,23643.50,22531.15,17273.15,
2026-05-18,23649.95,22461.05,17261.35,
2026-05-19,23618.00,22521.75,17413.75,
2026-05-20,23659.00,22578.15,17499.80,
2026-05-21,23654.70,22602.85,17454.10,
2026-05-22,23719.30,22651.30,17478.25,
2026-05-25,24031.70,22929.45,17650.60,
2026-05-26,23913.70,22897.20,17741.15,
2026-05-27,23907.15,22967.40,17754.95,
2026-05-29,23547.75,22657.00,17490.55,
2026-06-01,23382.60,22437.95,17279.20,
2026-06-02,23483.55,22521.10,17287.30,
2026-06-03,23405.60,22451.85,17190.50,
2026-06-04,23416.55,22497.70,17264.65,
2026-06-05,23366.70,22465.35,17198.90,
2026-06-08,23123.00,22173.70,17039.15,
2026-06-09,23242.10,22370.15,17248.10,
2026-06-10,23214.95,22233.85,17005.20,
2026-06-11,23161.60,22114.45,16865.50,
2026-06-12,23622.90,22599.80,17265.90,
2026-06-15,23853.90,22891.30,17501.90,
2026-06-16,23989.15,22997.25,17607.15,
2026-06-17,24085.70,23109.70,17659.65,
2026-06-18,24168.00,23206.45,17716.85,
2026-06-19,24013.10,23144.20,17735.30,
2026-06-22,24102.90,23261.85,17800.45,
2026-06-23,23824.10,23010.95,17639.80,
2026-06-24,24021.65,23126.30,17690.30,
2026-06-25,24056.00,23113.70,17587.85,
2026-06-29,23946.25,23000.00,17521.00,
2026-06-30,23865.75,22995.65,17594.90,
2026-07-01,24005.85,23111.65,17716.10,
2026-07-02,24175.70,23264.80,17806.00,
2026-07-03,24270.85,23301.15,17783.25,
2026-07-06,24430.35,23433.95,17863.55,
2026-07-07,24398.70,23368.85,17864.05,
2026-07-08,23882.05,22908.05,17604.45,
2026-07-09,23962.80,23081.15,17844.50,
2026-07-10,24206.90,23348.40,18059.50,
2026-07-13,24211.00,23347.05,18089.55,
2026-07-14,24052.05,23199.45,17988.15,
2026-07-15,24078.50,23263.90,18036.75,
2026-07-16,24072.75,23232.65,17985.10,
2026-07-17,24334.30,23336.30,17930.85,
2026-07-20,24238.50,23338.05,18040.15,
2026-07-21,24187.70,23352.15,18091.20,
2026-07-22,23996.25,23145.05,17884.15,
2026-07-23,23869.60,22982.40,17690.50,
2026-07-24,23767.45,22913.30,17709.45,
2026-07-27,23995.95,23153.10,17935.25,
2026-07-28,23985.35,23114.90,17973.90,
2026-07-29,24250.20,23352.60,18087.70,
2026-07-30,24317.15,23353.55,18028.65,
2026-07-31,24383.60,23460.70,18105.85,
2026-08-03,24774.30,23802.85,18301.85,
2026-08-04,24614.90,23690.15,18215.85,
2026-08-05,24624.65,23735.55,18218.45,
2026-08-06,24636.00,23729.45,18125.25,
2026-08-07,24570.65,23712.10,18172.60,
2026-08-10,24583.80,23743.20,18298.90,
2026-08-11,24471.70,23681.15,18312.35,
2026-08-12,24435.95,23672.45,18355.95,
2026-08-13,24395.85,23658.10,18396.35,
2026-08-14,24366.00,23594.90,18260.65,
2026-08-17,24287.65,23564.45,18279.00,
2026-08-18,24154.90,23472.40,18216.80,
2026-08-19,24078.30,23386.20,18220.70,
2026-08-20,24231.85,23512.95,18300.65,
2026-08-21,24252.00,23530.30,18320.25,
2026-08-24,24219.05,23511.75,18331.75,
2026-08-25,24334.55,23611.60,18412.25,
2026-08-26,24207.75,23559.20,18380.60,
2026-08-27,24090.85,23482.00,18361.75,
2026-08-28,24175.65,23528.55,18405.80,
2026-08-31,24080.40,23450.35,18491.45,
2026-09-01,24055.80,23339.90,18248.80,
2026-09-02,23914.45,23222.80,18120.20,
2026-09-03,23873.45,23254.05,18170.25,
2026-09-04,23897.70,23254.15,18127.75,
2026-09-07,23779.15,23156.20,18051.60,
2026-09-08,23635.10,23106.10,18093.00,
2026-09-09,23431.50,22958.75,17994.10,
2026-09-10,23477.80,22952.35,17928.70,
2026-09-11,23398.10,22866.50,17929.75,
2026-09-15,23118.60,22477.45,17556.35,
2026-09-16,23217.60,22532.00,17560.10,
2026-09-17,23270.60,22654.65,17728.75,
2026-09-18,23346.40,22840.55,17882.90,
2026-09-21,23414.30,22860.05,17879.65,
2026-09-22,23329.00,22794.20,17878.60,
2026-09-23,23446.80,22935.10,17979.65,
2026-09-24,23063.10,22552.60,17518.05,
2026-09-25,23140.50,22603.50,17474.10,
2026-09-28,22780.25,22232.15,17208.90,
2026-09-29,22716.20,22101.00,17030.55,
2026-09-30,22620.45,22072.10,17028.70,
2026-10-01,,,,19058.65
